{"type":"Topology","transform":{"scale":[0.00000972275440333139,0.000005108597649786695],"translate":[4.26757121137132,51.89403990586176]},"arcs":[[[6494,4692],[72,30],[322,151],[609,286],[18,4]],[[7515,5163],[161,-930],[1,-2]],[[7677,4231],[75,-308],[54,-126],[36,-51],[36,-23],[92,-31],[17,-66],[6,-154],[-45,-149],[-5,-17],[-38,-136],[-23,-95],[-11,-37],[0,-43],[17,-84],[59,-202],[235,-815]],[[8182,1894],[-766,-279],[-162,-48],[-2,16],[-18,45],[-11,32],[-64,29],[-171,132],[-46,47],[-57,70],[-42,92],[-24,86],[-16,113],[-4,523],[-8,-2],[-58,-11],[-99,-14],[-156,-41],[-15,-4],[-16,-9],[-152,48],[-130,64],[-92,49],[-100,40],[-71,20]],[[5902,2892],[10,5],[5,15],[226,676],[33,121],[80,190],[80,214],[46,93],[34,65],[54,80],[50,84],[23,79],[4,14],[-1,32],[-24,73],[-28,59]],[[5902,2892],[-193,-595],[-108,-318],[-7,-54],[6,-42],[16,-35],[33,-35],[38,-21],[26,-26],[18,-30],[3,-42],[0,-5],[-9,-45],[-12,-44],[-925,344],[-570,212],[-83,30],[-3165,1175]],[[970,3361],[5,6],[18,22],[5,6],[42,49],[32,37],[7,9],[9,11],[7,8],[142,169],[34,40],[535,643],[15,19],[42,49],[6,8],[19,22],[2,3],[1,1],[14,16],[-7,2],[15,17],[20,22],[1,1],[1,1],[6,6],[1,1],[4,5],[3,3],[0,1],[3,3],[1,1],[2,2],[0,1],[13,15],[2,2],[0,1],[62,78],[28,35],[6,7],[66,83],[11,15],[1,0],[0,0],[0,0],[7,9],[80,101],[15,19],[7,9],[19,24],[25,31],[7,9],[53,67],[54,67],[39,50],[68,84],[8,11],[1,1],[48,61],[4,5],[0,0],[35,44]],[[2614,5373],[247,-59],[1758,-433],[566,-139],[473,-117],[166,-38],[200,-4],[227,28],[192,60],[51,21]],[[8182,1894],[2,-10],[276,-1172]],[[8460,712],[-101,-53],[-17,-11],[-112,-64],[-124,-72],[-143,-76],[-90,-45],[-66,-32],[-17,-7],[-74,-33],[-152,-63],[-35,-12],[-106,-40],[-88,-28],[-82,-26],[-137,-38],[-8,-2],[-144,-34],[-148,-29],[-147,-20],[-150,-15],[-149,-8],[-155,-4],[-142,5],[-150,8],[-148,13],[-151,20],[-144,35],[-129,24],[-18,3],[-87,17],[-67,13],[-477,91],[-524,94],[-7,1],[-65,10],[-105,17],[-104,21],[-133,30],[-118,25],[-105,21],[-98,22],[-124,28],[-148,36],[-145,38],[-147,41],[-97,29],[-19,5],[-103,31],[-87,27],[-51,17],[-64,24],[-101,38],[-68,25],[-45,18],[-55,21],[-17,7],[-77,30],[-70,32],[-75,34],[-97,45],[-83,42],[-94,49],[-95,50],[-109,59],[-133,79],[-134,81],[-119,75],[-105,68],[-118,77],[-102,68],[-64,45],[-76,55],[-102,73],[-103,77],[-42,33],[-83,64],[-89,68],[-114,86],[-88,66],[85,103],[130,157],[60,73],[10,12],[4,5],[2,3],[1,1],[5,6],[2,2],[67,80],[11,14],[6,8],[8,9],[2,2],[3,3],[27,33],[2,3],[17,21],[1,1],[16,19],[2,3],[45,53],[86,101],[98,113],[52,61],[25,29],[6,7],[90,104],[87,100],[15,17],[1,2],[1,1],[3,4]],[[7677,4231],[1,1],[74,24],[72,15],[84,-7],[92,-27],[23,-8],[578,-203],[60,-31],[32,-28],[29,-51],[20,-75],[22,-117],[36,-51],[12,-13],[287,-315],[69,-65],[44,-9],[60,1],[95,35],[147,26],[36,-14],[31,-9],[57,-17],[37,-23],[55,-50],[115,156],[225,280],[54,67],[128,183]],[[10252,3906],[12,-53],[1,-8],[0,-1],[0,0],[5,-15],[16,-53],[46,-149],[34,-114],[10,-58],[0,-2],[2,-10],[4,-30],[18,-121],[2,-15],[3,-19],[3,-24],[16,-111],[22,-152],[3,-8],[-1,-8],[4,-27],[0,-2],[1,-8],[0,-1],[4,-38],[3,-27],[1,-11],[1,-6],[0,-1],[0,-3],[1,-4],[7,-49],[8,-48],[0,-4],[7,-45],[7,-44],[3,-16],[8,-47],[18,-103],[6,-34],[3,-19],[-16,-151],[6,-18],[0,0],[-14,-139],[2,-9],[-2,-18],[-2,-18],[-2,-18],[-1,-18],[-2,-15],[-1,-16],[-1,-15],[-1,-16],[-1,-16],[-1,-17],[-1,-17],[-1,-7],[-1,-40],[-1,-54],[-1,-46],[1,-37],[0,-11],[6,0],[6,-127],[1,-14],[2,-15],[1,-14],[1,-15],[2,-17],[1,-18],[2,-17],[2,-18],[2,-17],[2,-17],[3,-18],[2,-17],[3,-17],[2,-18],[3,-17],[3,-17],[3,-17],[3,-18],[3,-17],[3,-17],[4,-17],[3,-17],[4,-17],[4,-17],[3,-17],[4,-17],[4,-17],[5,-17],[4,-17],[4,-16],[5,-17],[4,-17],[5,-16],[-29,4],[-79,10],[-71,13],[-98,12],[-45,3],[-30,3],[-68,4],[-91,4],[-22,0],[-21,0],[-22,1],[-21,0],[-22,-1],[-21,0],[-22,0],[-21,-1],[-21,-1],[-22,-1],[-21,-1],[-22,-1],[-21,-1],[-22,-2],[-21,-1],[-21,-2],[-22,-2],[-21,-2],[-21,-2],[-22,-2],[-21,-2],[-22,-3],[-21,-3],[-21,-2],[-21,-3],[-22,-3],[-21,-4],[-21,-3],[-21,-3],[-22,-4],[-21,-4],[-21,-4],[-21,-4],[-21,-4],[-22,-4],[-21,-5],[-21,-4],[-21,-5],[-21,-5],[-21,-5],[-21,-5],[-21,-5],[-21,-6],[-21,-5],[-21,-6],[-21,-6],[-21,-6],[-20,-6],[-21,-6],[-21,-6],[-21,-7],[-21,-7],[-20,-6],[-21,-7],[-21,-7],[-20,-7],[-21,-8],[-20,-7],[-21,-8],[-20,-7],[-21,-8],[-20,-8],[-21,-8],[-20,-9],[-20,-8],[-20,-8],[-21,-9],[-20,-9],[-20,-9],[-20,-9],[-20,-9],[-20,-9],[-20,-9],[-20,-10],[-20,-10],[-20,-9],[-19,-10],[-18,-10]],[[9714,6115],[18,-232],[15,-11],[9,-8],[3,-3],[14,-13],[19,-20],[6,-6],[0,-1],[9,-12],[7,-9],[24,-33],[34,-46],[16,-23],[29,-39],[18,-27],[23,-42],[17,-29],[79,-126],[5,-9],[3,-7],[5,-10],[3,-12],[2,-9],[1,-4],[22,-124],[5,-48],[12,-248],[4,-100],[3,-61],[8,-160],[1,-12],[1,-14],[2,-62],[3,-102],[3,-37],[2,-32],[3,-44],[3,-36],[6,-53],[6,-53],[12,-85],[8,3],[27,9],[33,-148],[6,-32],[1,-2],[8,-37]],[[7515,5163],[3,1]],[[7518,5164],[691,311],[6,2],[532,239],[556,250],[139,65],[120,47],[116,25],[2,-2],[0,0],[14,12],[20,2],[0,0],[0,0]],[[9741,8129],[30,-129],[6,-32],[4,-22],[22,-114],[14,-85],[12,-68],[7,-51],[2,-14],[5,-36],[12,-88],[2,-23],[6,-59],[2,-18],[3,-19],[2,-18],[1,-18],[2,-18],[2,-17],[1,-18],[2,-17],[0,-7],[1,-7],[0,-6],[1,-7],[16,-364],[4,-86],[4,-89],[2,-28],[0,-1],[0,-12],[2,-37],[1,-20],[1,-15],[-31,-21],[-24,-16],[-16,-12],[-27,-24],[-22,-23],[-33,-40],[-63,-82],[0,-1],[20,-252]],[[7518,5164],[-7,4],[-43,278],[-22,267],[-22,204],[-56,255],[-21,131],[-11,73],[-88,129],[-70,147],[-170,475],[3,1]],[[7011,7128],[238,105],[406,17],[57,2],[718,310],[4,2],[897,388],[410,177]],[[7011,7128],[-5,2],[-58,96],[-74,130],[-37,106],[-54,265],[-15,55],[-40,46],[-69,41],[-87,54],[-62,87],[-33,76],[-38,118],[-27,177],[-21,203],[-1,67],[0,47],[-37,97],[-66,83],[-95,134],[-62,62],[-69,50],[-87,33],[-79,24],[-69,53],[-30,87]],[[5796,9321],[21,14],[2,1],[2,2],[1,1],[23,17],[2,1],[4,4],[0,1],[9,9],[7,6],[16,16],[12,4],[14,1],[22,10],[24,17],[27,8],[8,10],[13,27],[7,9],[8,5],[17,3],[10,4],[13,10],[38,40],[38,32],[15,8],[41,11],[7,3],[10,12],[7,13],[16,17],[20,12],[12,5],[6,7],[11,18],[36,30],[59,34],[22,17],[4,4],[34,32],[18,13],[42,18],[8,3],[24,11],[39,37],[109,75],[43,25],[43,44],[12,5],[22,5],[19,10],[13,14],[13,19],[20,14],[42,22],[74,53],[110,92],[-93,106],[-2,4],[5,6],[72,51],[28,22],[56,33],[34,12],[41,25],[12,5],[17,14],[33,30],[19,12],[16,4],[0,0],[7,1],[0,-5],[3,-1],[1,1],[147,91],[53,31],[52,26],[21,25],[13,8],[17,1],[12,-6],[7,-5],[7,0],[16,8],[18,14],[15,19],[4,7],[9,17],[16,13],[20,12],[36,15],[25,17],[9,5],[33,6],[13,6],[41,26],[38,3],[7,2],[30,30],[18,11],[11,-1],[9,0],[9,6],[15,13],[24,14],[53,22],[27,17],[26,11],[36,20],[57,45],[54,28],[58,28],[18,15],[44,10],[40,41],[36,12],[19,10],[1,-3],[1,-2],[0,0],[65,-165],[34,-87],[233,-593],[0,-1],[5,-12],[2,-7],[25,-62],[54,-137],[47,-122],[63,-159],[38,-95],[24,-59],[1,-4],[23,-58],[37,-92],[156,-401],[39,-59],[23,-52],[30,-69],[5,-11],[10,-24],[34,-83],[13,-32],[49,-124],[17,-49],[10,-26],[8,-22],[9,-27],[5,-13],[8,-23],[15,-47],[25,-78],[5,-16],[7,-24],[31,-106],[11,-48],[0,0],[5,-19],[5,-19],[1,-5],[9,-37],[2,-8],[3,-10],[3,-17],[1,0],[2,-13]],[[2614,5373],[29,38],[6,7],[18,24],[2,2],[4,6],[1,1],[29,37],[23,28],[37,44],[47,62],[19,23],[36,46],[49,63],[63,79],[102,128],[1,1],[6,8],[7,9],[0,0],[177,222],[0,0],[1,1],[0,1],[89,112],[14,16],[25,32],[1,1],[0,0],[0,0],[21,26],[40,49],[42,53],[27,33],[6,8],[91,115],[41,51],[58,72],[67,86],[4,4],[1,2],[10,13],[20,26],[75,93],[106,132],[108,137],[17,18],[1,2],[3,3],[3,5],[25,29],[12,15],[10,12],[11,14],[9,12],[3,3],[2,2],[4,5],[12,12],[14,16],[12,14],[15,16],[15,17],[11,13],[14,15],[13,15],[4,4],[2,3],[13,18],[12,16],[12,16],[9,12],[6,7],[5,7],[4,5],[6,7],[4,6],[7,8],[6,7],[7,8],[8,10],[8,10],[12,13],[9,12],[11,13],[9,11],[9,10],[29,33],[12,14],[57,67],[23,26],[29,32],[46,51],[62,68],[5,9],[5,9],[5,14],[5,15],[6,19],[6,21],[7,27],[5,21],[0,0],[0,2],[0,6],[1,8],[1,10],[7,24],[6,24],[21,76],[7,21],[15,33],[16,37],[16,36],[51,105],[2,4],[2,5],[4,8],[6,5],[40,47],[7,9],[7,6],[52,46],[65,71],[20,48],[45,34],[28,38],[13,20],[55,92],[25,36],[42,58],