{"type":"Topology","transform":{"scale":[0.00000803374093595261,0.000005359671697009568],"translate":[4.350671359605325,51.896678714507175]},"arcs":[[[6394,4226],[-2,-23],[79,-190],[2,-31],[16,-203],[-39,-4],[-1,-59],[-3,-103],[-3,-45],[12,-1],[-6,-27],[2,-124],[30,-42],[-65,-49],[-52,-29],[-38,-80]],[[6326,3216],[-328,81],[-193,94],[-49,209],[0,10],[-11,12],[-12,65],[2,134],[1,36],[1,35],[11,84],[13,48],[24,30],[37,32],[60,37],[76,32],[95,36],[186,22],[11,1]],[[6250,4214],[144,12]],[[8017,4945],[10,-21],[10,-19],[10,1],[17,1],[15,1],[17,2],[20,2],[22,2],[12,1],[5,1],[17,2],[14,2],[14,2],[2,0],[2,1],[6,1],[2,0],[13,3],[10,3],[0,-1],[0,-4],[2,-84],[21,-19],[0,-20],[0,-4],[0,-10],[5,-262],[0,0],[0,-5],[1,-84],[0,-7],[0,0],[0,-1],[1,-62],[1,-24],[-16,-76],[-38,-187],[-33,-160],[-57,-282],[-10,-47],[-18,2],[-55,-271],[-13,1],[-9,1],[-163,15],[-21,2],[-5,-50],[0,-1],[-7,-67],[0,0],[0,-8],[-87,2],[-2,0],[-1,0],[0,0],[-1,0],[-1,0],[-1,-1],[-1,0],[0,0],[-1,0],[-1,-1],[-1,0],[-1,-1],[-1,0],[-1,-1],[-1,0],[-1,-1],[-1,-1],[0,-1],[-1,-1],[-1,-1],[-13,-25],[-1,-2],[-1,-2],[-1,-2],[-1,-2],[-1,-3],[0,-1],[-1,-2],[0,-1],[-1,-3],[-6,-42],[-2,-7],[-5,-16],[-2,1],[-1,0],[-2,0],[-2,0],[-1,0],[-2,-1],[-2,0],[-1,-1],[-2,-1],[-1,-1],[-1,0],[-1,-1],[-1,-1],[-2,-2],[-1,-2],[-1,-1],[-1,-2],[-2,-1],[-1,-2],[-1,-1],[-2,-2],[-2,-2],[-2,-2],[-3,-1],[-2,-2],[-2,-2],[-2,-1],[-3,-1],[-2,-1],[-22,-12],[-1,-1]],[[7612,3057],[-33,55],[7,102],[-82,22],[-234,31],[-109,8],[-82,-5],[-145,17],[-409,4],[-111,-30],[-47,-28],[-17,-24]],[[6350,3209],[-24,7]],[[6394,4226],[0,9],[85,-6],[88,10],[58,5],[39,10],[101,26],[128,116],[53,134],[20,109],[25,42],[16,41],[45,115]],[[7052,4837],[129,348]],[[7181,5185],[33,-21],[279,-178],[382,-99],[142,58]],[[5235,3855],[-15,10],[-27,187],[29,128],[158,116],[273,121],[16,5],[250,78],[184,38],[15,-10],[49,4],[133,-101],[-9,-17],[4,-3],[-45,-197]],[[6350,3209],[205,-60],[174,-127],[293,-509],[92,-165]],[[7114,2348],[-21,-4],[-293,-111],[-196,193],[-29,26]],[[6575,2452],[-114,104],[-245,236],[-171,140],[-96,80],[-105,87],[-206,172],[-41,37],[-10,10],[12,107],[-112,165],[-7,7],[-19,19],[-144,145],[-82,94]],[[6575,2452],[-298,-264],[13,-15],[-30,-29],[-24,-23],[-17,15],[-158,-140],[-51,-45],[-191,-76],[-108,-24],[-190,-41],[-78,-8],[-483,188],[-464,176],[-62,23],[-756,272],[-223,179],[-36,-18],[-844,-325],[-28,-8]],[[2547,2289],[171,552]],[[2718,2841],[765,297],[96,37],[7,2],[27,10],[27,27],[357,144],[69,25],[278,76],[7,-15],[388,135],[30,19],[86,57],[137,89],[243,111]],[[7114,2348],[36,-66],[65,-264],[20,-278],[0,-6],[9,-121],[96,-621],[1,-13],[336,94]],[[7677,1073],[-1,-2],[171,-311],[-4,-1],[-354,-119],[-140,-47],[-211,-71],[-7,-3],[-725,-243],[-386,-138],[-50,-14],[-63,-17],[-66,-16],[-73,-16],[-78,-16],[-78,-13],[-95,-14],[-196,-21],[-179,-9],[-51,-2],[-70,0],[-77,2],[-79,3],[-76,5],[-79,7],[-21,2],[-90,12],[-348,62],[-347,84],[-377,91],[-145,35],[-342,83],[-162,39],[-83,18],[-101,21],[-22,4],[-132,23],[-6,1],[-43,7],[-8,0],[-5,16],[-6,16],[-5,16],[-6,16],[-5,16],[-5,16],[-5,16],[-4,17],[-5,16],[-5,16],[-4,16],[-4,16],[-4,17],[-4,16],[-4,16],[-4,17],[-4,16],[-3,17],[-3,16],[-3,17],[-4,16],[-2,17],[-3,16],[-3,17],[-2,16],[-3,17],[-2,16],[-2,17],[-2,17],[-1,14],[-2,13],[-1,14],[-1,14],[-8,121],[-7,0],[-1,10],[0,36],[0,44],[2,51],[1,38],[1,7],[1,16],[1,16],[1,16],[2,15],[1,14],[2,15],[2,15],[2,17],[2,17],[2,17],[3,18],[-4,8],[18,132],[0,1],[-7,17],[19,143],[-4,18],[-7,33],[-21,98],[-10,45],[-4,15],[-8,42],[-8,43],[-1,4],[-9,45],[-10,47],[0,4],[-1,3],[0,0],[0,6],[-2,11]],[[2315,2226],[28,9],[204,54]],[[7612,3057],[-332,-183],[-10,-6],[58,-305],[57,-105],[9,4],[6,3],[5,2],[148,69],[173,-322],[1,0],[87,-162],[-1,-10],[-3,-15],[-1,-5],[-1,-6],[-2,-5],[-1,-6],[-2,-5],[-1,-5],[-2,-6],[-2,-5],[-3,-5],[40,-75],[0,0],[55,-73],[160,-214],[7,-12],[35,-48],[-415,-484]],[[2718,2841],[427,1377],[729,497],[55,41],[115,79],[484,331],[492,269],[485,114],[17,-2],[512,-46],[248,-89],[265,-188],[262,-202],[243,-185]],[[1437,7284],[28,11],[161,84],[165,164],[202,95],[271,26],[331,38],[247,9],[48,-7],[220,-30],[332,-46],[55,-8],[58,68],[143,168],[24,-15],[-27,-31],[-78,-106],[-19,-49],[53,-34],[156,5],[9,-35],[157,23],[12,-33],[61,2],[-18,-43],[13,-2],[23,-4],[226,42],[155,-83],[151,-113],[81,-61],[790,-108]],[[5467,7211],[441,-1155],[148,-336],[149,-69],[250,-75],[324,-135],[402,-256]],[[2315,2226],[-3,26],[-5,36],[0,1],[-1,7],[-1,2],[-4,26],[1,8],[-4,7],[-27,145],[-19,106],[-4,23],[-3,18],[-3,14],[-21,115],[-5,30],[-2,9],[0,1],[-12,56],[-42,109],[-55,142],[-20,50],[-5,15],[0,0],[0,1],[-3,7],[-13,51],[-10,34],[-1,3],[-8,30],[-39,141],[-33,-8],[-10,-3],[-14,81],[-8,51],[-7,50],[-4,34],[-4,42],[-2,31],[-4,35],[-4,97],[-2,59],[-1,14],[-1,11],[-10,153],[-3,58],[-4,95],[-16,236],[-6,46],[-26,119],[-1,4],[-2,8],[-5,11],[-5,10],[-4,6],[-7,9],[-95,120],[-21,28],[-27,40],[-22,25],[-35,38],[-20,21],[-41,44],[-29,32],[-8,8],[-11,12],[0,1],[-8,6],[-22,19],[-17,12],[-4,3],[-10,8],[-19,10],[-22,221],[-23,240],[-1,1],[76,79],[40,38],[27,22],[33,22],[19,12],[29,15],[37,21],[0,14],[-2,18],[-2,35],[0,13],[0,0],[-2,27],[-5,85],[-5,82],[-20,347],[0,6],[-1,6],[-1,7],[-1,6],[-1,17],[-2,17],[-2,16],[-2,17],[-2,17],[-3,18],[-2,17],[-3,18],[-7,56],[-3,22],[-15,84],[-6,34],[-2,13],[-9,49],[-13,65],[-17,81],[-27,109],[-6,20],[-7,31],[-35,123],[-4,12],[0,1],[-5,15]],[[4789,9124],[20,7],[3,1],[21,-6],[13,-13],[9,-9],[10,5],[1,0],[7,4],[4,1],[0,0],[9,5],[2,0],[27,14],[59,30],[221,118],[194,104],[0,0],[11,6],[37,18],[54,-17],[8,-3],[37,-12],[2,-1],[3,-1],[-4,-13],[-3,-6],[-7,-19],[-19,-49],[-68,-176],[-88,-169],[-18,-16],[-6,-11],[-3,-38],[53,-27],[23,-4],[19,-18],[95,-203],[4,-4],[345,-296],[10,-10],[76,-80],[33,-40],[65,-66],[14,-17],[17,-16],[18,-21],[17,-17],[38,-38],[36,-35],[11,-8],[39,-37],[61,-11],[35,-3],[25,-2],[2,0],[19,-18],[13,-14],[10,-10],[2,-2],[3,-4],[-8,-86],[4,-6],[5,-6],[195,-186],[24,-23],[237,114],[31,-11],[56,28],[248,127],[100,-122],[185,54],[11,5],[7,3],[93,46],[14,7],[174,86],[76,61],[46,43],[46,93],[117,120],[0,0],[4,-7],[106,-192],[5,-9],[13,-24],[7,0],[8,-9],[70,-94],[16,-22],[3,-4],[21,-30],[23,-34],[-10,-7],[-12,-9],[-10,-7],[-13,-10],[-42,-9],[-1,0],[-32,-8],[-20,-8],[-5,-2],[-11,-5],[0,1],[-18,-11],[-1,0],[-9,-5],[0,-1],[-7,-4],[0,0],[-37,-24],[-37,-23],[-37,-25],[-25,-18],[-32,-25],[0,0],[-6,-5],[-2,-1],[-11,-7],[-25,-16],[-60,-41],[-27,-18],[-28,-18],[-8,-6],[-8,-5],[-8,-4],[-7,-3],[-9,-4],[-9,-4],[-9,-3],[-8,-2],[-8,-2],[-19,-3],[-8,-1],[-12,-1],[-8,0],[-16,0],[-42,-1],[-2,0],[-23,0],[-7,0],[-40,-2],[-1,0],[-16,0],[-16,-1],[-23,-2],[-21,-2],[-29,-4],[-22,-5],[-18,-6],[-22,-8],[-21,-10],[-15,-8],[-11,-6],[-17,-13],[-13,-12],[-2,1],[-11,-11],[1,-1],[-18,-21],[-11,-15],[-12,-17],[-2,-4],[-9,-18],[-5,-12],[-7,-21],[-9,-39],[-2,-20],[-2,-12],[-6,-2],[-1,-8],[6,-3],[-4,-62],[-3,-40],[-3,-33],[-4,-24],[-9,-44],[-15,-67],[-5,-22],[-7,-31],[-6,-32],[-5,-28],[-6,-36],[-8,-47],[-3,-27],[-3,-32],[-2,-22],[-1,-27],[-2,-22],[-1,-22],[1,-26],[2,-36],[0,-11],[3,-15],[2,-12],[3,-16],[4,-14],[4,-10],[6,-16],[6,-17],[14,-29],[8,-15],[3,-6],[9,-17],[8,-12],[11,-15],[21,-27],[12,-15],[5,-6],[16,-27],[9,-15],[10,-16],[3,-4],[20,-35],[10,-18],[5,-10],[7,-17],[11,-37],[2,-9],[10,5],[8,3],[35,15],[6,3],[19,8],[204,-408],[177,-356],[189,-376]],[[5467,7211],[-7,19],[-75,268],[-5,18],[-208,569],[-383,1039]],[[1437,7284],[-2,10],[-3,8],[-11,35],[-2,5],[-6,18],[-5,18],[0,0],[-14,46],[-37,101],[-8,22],[-7,16],[-30,74],[-19,45],[-9,22],[-6,12],[-11,26],[-10,21],[-11,25],[-22,46],[-58,119],[-16,30],[-41,80],[-13,22],[-5,10],[-37,66],[-28,50],[-47,56],[-189,382],[-44,88],[-28,56],[-2,3],[-29,57],[-45,90],[-76,152],[-58,116],[-65,130],[-30,59],[-3,7],[-6,12],[0,0],[-282,566],[-41,83],[-79,157],[0,0],[0,1],[-2,4],[37,15],[10,4],[15,6],[13,-2],[2,0],[3,0],[29,2],[12,10],[1,1],[9,7],[0,0],[6,5],[52,19],[46,15],[-2,5],[6,4],[29,19],[19,10],[18,5],[48,12],[17,6],[32,15],[62,12],[6,2],[42,32],[39,15],[16,2],[22,-2],[10,1],[4,1],[33,16],[55,20],[33,9],[132,37],[24,17],[31,10],[81,31],[63,14],[39,13],[39,17],[15,0],