{"type":"Topology","transform":{"scale":[0.000009341141580938126,0.000004707677149375122],"translate":[4.26757121137132,51.89403990586175]},"arcs":[[[6760,5092],[74,32],[335,164],[635,310],[18,5]],[[7822,5603],[168,-1009],[0,-2]],[[7990,4592],[79,-335],[56,-137],[38,-55],[37,-25],[96,-34],[18,-71],[6,-168],[-47,-161],[-5,-18],[-40,-148],[-24,-103],[-12,-41],[1,-45],[18,-92],[60,-219],[245,-885]],[[8516,2055],[-797,-302],[-168,-53],[-3,18],[-19,48],[-11,36],[-66,31],[-179,143],[-48,51],[-59,76],[-43,100],[-25,93],[-17,123],[-4,567],[-8,-2],[-61,-12],[-103,-15],[-162,-44],[-16,-4],[-16,-10],[-159,52],[-136,69],[-95,53],[-104,44],[-74,21]],[[6143,3138],[11,5],[5,17],[235,734],[35,131],[83,207],[83,231],[48,101],[36,71],[56,86],[52,91],[23,86],[4,15],[0,35],[-26,80],[-28,64]],[[6143,3138],[-201,-645],[-112,-346],[-7,-58],[6,-45],[16,-39],[35,-38],[40,-22],[26,-29],[19,-32],[3,-45],[1,-7],[-10,-48],[-13,-48],[-963,373],[-593,230],[-86,33],[-3294,1275]],[[1010,3647],[5,7],[19,24],[5,6],[43,53],[33,41],[8,9],[10,13],[7,8],[147,183],[36,44],[557,698],[16,20],[43,54],[6,8],[20,24],[3,3],[0,1],[14,18],[-7,2],[16,18],[21,24],[1,1],[1,1],[6,7],[1,1],[5,5],[2,4],[1,0],[2,3],[1,2],[2,2],[1,1],[13,16],[2,3],[1,0],[64,85],[29,38],[7,8],[68,90],[12,16],[0,0],[0,0],[1,1],[7,9],[83,110],[15,20],[8,10],[20,26],[25,34],[8,9],[56,73],[55,73],[41,54],[71,92],[8,11],[2,2],[50,65],[4,6],[0,0],[35,47]],[[2720,5830],[257,-64],[1831,-469],[589,-152],[493,-126],[172,-41],[208,-5],[236,31],[200,65],[54,23]],[[8516,2055],[3,-10],[286,-1272]],[[8805,773],[-104,-58],[-18,-11],[-117,-70],[-129,-78],[-148,-83],[-94,-49],[-69,-34],[-18,-8],[-77,-36],[-158,-68],[-36,-14],[-111,-42],[-92,-31],[-85,-29],[-143,-40],[-7,-2],[-151,-37],[-153,-32],[-154,-22],[-155,-16],[-155,-8],[-162,-5],[-148,5],[-156,9],[-154,14],[-157,22],[-150,37],[-135,27],[-18,3],[-90,18],[-71,14],[-496,100],[-545,102],[-7,1],[-68,10],[-110,19],[-108,23],[-138,32],[-123,28],[-109,23],[-103,23],[-128,30],[-154,39],[-151,42],[-154,44],[-101,31],[-19,6],[-107,33],[-91,30],[-53,18],[-67,26],[-104,41],[-71,28],[-48,19],[-57,23],[-17,8],[-81,32],[-73,35],[-77,36],[-101,50],[-87,45],[-98,53],[-99,55],[-113,64],[-138,86],[-139,88],[-124,81],[-110,74],[-122,83],[-107,74],[-66,49],[-80,60],[-106,79],[-107,83],[-44,36],[-86,69],[-93,74],[-119,94],[-91,71],[88,112],[136,171],[62,79],[11,13],[4,5],[2,3],[1,1],[5,7],[2,2],[70,87],[12,15],[6,8],[8,11],[2,2],[3,3],[28,36],[3,3],[18,23],[1,1],[16,20],[2,3],[46,58],[90,110],[102,122],[54,67],[26,31],[7,8],[94,112],[90,109],[15,19],[2,2],[0,1],[4,4]],[[7990,4592],[1,0],[78,27],[74,16],[88,-8],[96,-29],[23,-9],[602,-220],[63,-34],[33,-30],[30,-56],[22,-81],[22,-127],[38,-55],[12,-14],[299,-342],[72,-71],[45,-9],[63,1],[99,37],[153,29],[38,-15],[31,-10],[60,-19],[38,-25],[57,-53],[120,168],[235,305],[55,72],[134,199]],[[10671,4239],[12,-58],[2,-8],[0,-1],[0,-1],[5,-16],[16,-57],[48,-162],[36,-124],[10,-63],[0,-2],[2,-10],[4,-34],[19,-131],[2,-16],[3,-21],[3,-26],[16,-120],[24,-165],[3,-8],[-1,-9],[4,-30],[0,-2],[1,-9],[0,0],[4,-42],[3,-29],[1,-12],[1,-7],[0,-1],[1,-3],[0,-4],[8,-54],[8,-51],[1,-5],[7,-49],[7,-47],[3,-18],[9,-51],[18,-111],[6,-38],[3,-20],[-17,-164],[7,-19],[0,-1],[-15,-150],[3,-10],[-2,-19],[-3,-20],[-1,-19],[-2,-20],[-2,-17],[-1,-17],[-1,-16],[-2,-17],[-1,-18],[-1,-18],[-1,-19],[0,-7],[-2,-44],[-1,-58],[0,-50],[0,-41],[1,-11],[6,-1],[6,-137],[2,-16],[1,-16],[1,-15],[1,-16],[2,-19],[2,-19],[2,-19],[2,-19],[2,-19],[2,-18],[2,-19],[3,-19],[3,-19],[2,-19],[3,-18],[3,-19],[3,-19],[3,-18],[4,-19],[3,-19],[4,-18],[3,-19],[4,-18],[4,-19],[4,-18],[4,-18],[4,-19],[5,-18],[4,-18],[5,-18],[4,-19],[5,-18],[5,-18],[-30,4],[-83,12],[-73,14],[-102,13],[-47,4],[-32,2],[-70,5],[-95,4],[-23,0],[-22,1],[-22,0],[-23,0],[-22,0],[-22,-1],[-23,0],[-22,-1],[-22,-1],[-22,-1],[-23,-1],[-22,-1],[-22,-1],[-23,-2],[-22,-2],[-22,-2],[-22,-2],[-23,-2],[-22,-2],[-22,-2],[-22,-3],[-23,-3],[-22,-3],[-22,-3],[-22,-3],[-22,-3],[-22,-4],[-23,-3],[-22,-4],[-22,-4],[-22,-4],[-22,-4],[-22,-5],[-22,-4],[-22,-5],[-22,-5],[-22,-5],[-22,-5],[-22,-5],[-22,-6],[-21,-5],[-22,-6],[-22,-6],[-22,-6],[-22,-6],[-22,-6],[-21,-7],[-22,-6],[-22,-7],[-21,-7],[-22,-7],[-22,-7],[-21,-8],[-22,-7],[-21,-8],[-22,-8],[-21,-7],[-21,-9],[-22,-8],[-21,-8],[-21,-9],[-22,-8],[-21,-9],[-21,-9],[-21,-9],[-21,-9],[-21,-10],[-21,-9],[-21,-10],[-21,-10],[-21,-9],[-21,-11],[-20,-10],[-21,-10],[-21,-11],[-20,-10],[-21,-11],[-19,-10]],[[10111,6636],[18,-252],[17,-12],[8,-8],[4,-4],[15,-14],[19,-22],[6,-6],[0,-1],[10,-13],[7,-10],[25,-36],[35,-50],[17,-24],[30,-43],[19,-29],[24,-45],[17,-32],[82,-137],[6,-10],[3,-7],[5,-11],[4,-13],[2,-10],[1,-4],[22,-135],[5,-52],[14,-270],[3,-108],[3,-66],[9,-174],[0,-12],[1,-16],[2,-68],[4,-110],[3,-40],[2,-34],[3,-49],[3,-38],[6,-58],[7,-58],[12,-91],[9,3],[28,9],[34,-160],[7,-35],[1,-3],[8,-39]],[[7822,5603],[3,1]],[[7825,5604],[720,337],[6,3],[553,259],[579,271],[145,70],[125,52],[120,27],[2,-2],[0,0],[15,12],[21,3],[0,0],[0,0]],[[10139,8822],[31,-141],[6,-34],[5,-24],[23,-124],[15,-92],[11,-74],[8,-55],[2,-16],[5,-39],[13,-95],[2,-25],[6,-64],[3,-20],[2,-20],[2,-20],[2,-20],[1,-19],[2,-19],[2,-19],[1,-19],[1,-7],[0,-7],[1,-7],[1,-7],[17,-396],[4,-93],[4,-96],[2,-31],[0,0],[0,-14],[2,-40],[1,-22],[1,-16],[-33,-23],[-24,-17],[-17,-13],[-28,-26],[-23,-25],[-35,-44],[-65,-89],[0,-1],[21,-273]],[[7825,5604],[-8,5],[-43,301],[-24,290],[-23,221],[-58,277],[-22,141],[-11,80],[-92,140],[-72,160],[-177,515],[2,1]],[[7297,7735],[248,114],[423,18],[59,3],[747,337],[4,1],[934,421],[427,193]],[[7297,7735],[-4,2],[-62,105],[-76,141],[-39,114],[-56,288],[-15,60],[-42,50],[-72,44],[-90,58],[-65,96],[-35,82],[-39,127],[-28,193],[-22,220],[0,73],[-1,51],[-39,105],[-68,90],[-99,146],[-65,67],[-72,54],[-90,35],[-83,26],[-71,59],[-31,94]],[[6033,10115],[21,15],[2,2],[2,1],[2,1],[23,19],[3,1],[4,5],[0,0],[10,10],[7,7],[16,17],[13,4],[14,1],[23,12],[25,18],[29,8],[8,11],[13,30],[8,9],[8,5],[18,3],[10,6],[13,11],[40,42],[40,35],[15,9],[43,12],[7,3],[10,13],[8,14],[17,18],[21,14],[12,5],[6,8],[11,19],[38,33],[61,36],[23,19],[4,4],[36,36],[19,14],[44,19],[7,3],[25,12],[41,40],[114,82],[44,26],[45,48],[13,6],[23,5],[19,12],[13,14],[14,21],[21,15],[44,24],[77,58],[115,100],[-98,114],[-2,4],[6,7],[74,55],[30,24],[58,36],[35,14],[43,27],[13,5],[18,15],[34,33],[20,13],[16,4],[0,0],[8,1],[0,-5],[2,-1],[2,0],[152,100],[56,33],[54,28],[21,27],[14,9],[18,1],[13,-6],[7,-5],[7,-1],[17,9],[18,15],[16,21],[4,7],[10,19],[16,14],[21,13],[38,16],[26,19],[9,5],[34,7],[14,6],[42,28],[40,3],[7,3],[31,32],[20,13],[11,-1],[9,-1],[9,7],[16,14],[25,15],[55,24],[28,18],[28,12],[36,22],[61,49],[55,30],[61,30],[18,17],[46,11],[42,44],[37,13],[20,11],[2,-4],[0,-1],[0,0],[67,-179],[36,-95],[242,-643],[1,-1],[5,-13],[3,-8],[25,-68],[56,-148],[50,-132],[65,-173],[39,-103],[25,-65],[1,-3],[25,-64],[38,-99],[162,-435],[40,-65],[25,-56],[31,-75],[5,-11],[11,-26],[35,-91],[14,-34],[50,-136],[19,-52],[9,-28],[9,-25],[10,-29],[4,-13],[8,-25],[16,-52],[27,-84],[5,-18],[7,-25],[32,-116],[12,-51],[0,-1],[5,-20],[5,-21],[1,-6],[10,-40],[2,-8],[2,-11],[4,-18],[0,-1],[3,-13]],[[2720,5830],[31,42],[6,7],[19,26],[2,3],[4,6],[1,1],[31,40],[24,31],[38,48],[49,67],[19,25],[38,49],[51,69],[66,85],[106,140],[1,1],[6,8],[8,10],[0,0],[183,241],[1,0],[0,1],[1,1],[93,121],[13,18],[27,35],[1,1],[0,0],[0,0],[22,28],[42,53],[43,58],[28,36],[7,8],[94,125],[43,55],[60,79],[70,92],[4,5],[2,2],[10,14],[20,29],[78,101],[111,143],[113,148],[17,21],[1,1],[3,4],[4,5],[25,32],[13,16],[10,13],[11,15],[10,13],[3,4],[2,1],[4,6],[12,13],[15,17],[13,15],[15,18],[16,18],[12,14],[14,17],[14,16],[3,4],[3,3],[13,20],[13,17],[12,17],[10,14],[6,7],[5,8],[4,6],[6,7],[5,6],[7,9],[6,8],[7,9],[9,11],[8,10],[13,15],[10,13],[11,14],[9,11],[9,11],[30,36],[13,15],[59,73],[24,28],[30,35],[48,55],[65,74],[5,9],[5,10],[6,16],[5,16],[6,21],[6,22],[7,29],[5,23],[0,1],[0,1],[0,7],[1,9],[2,11],[7,26],[6,26],[22,83],[8,22],[15,36],[17,40],[17,39],[52,114],[2,4],[2,6],[5,9],[6,5],[41,51],[8,9],[7,8],[54,49],[68,77],[21,