{"type":"Topology","transform":{"scale":[0.00001245414132018438,0.000007071694231967778],"translate":[4.212717692774691,51.90533504290873]},"arcs":[[[3270,2286],[299,-405],[5,-9]],[[3574,1872],[42,-96],[33,-132],[42,-131],[-6,-175]],[[3685,1338],[-56,-111],[-200,-543]],[[3429,684],[-9,6],[-27,17],[-80,50],[-28,18],[-63,40],[-102,61],[-58,33],[-47,27],[-107,58],[-102,55],[-109,53],[-104,52],[-38,20],[-25,14],[-2,1]],[[2528,1189],[403,651]],[[2931,1840],[125,202],[172,253]],[[3228,2295],[17,-27],[25,18]],[[3838,3107],[0,0],[3,1],[6,-13],[4,-10],[30,-66],[29,14],[1,0],[24,-7],[58,-17],[39,-28],[0,-1],[55,-39],[0,0],[9,-6],[34,-67],[1,-2],[9,-19],[1,-2],[64,34],[11,-7],[2,-2],[10,-6],[4,-4],[57,-36]],[[4289,2824],[-397,-207],[-316,-174]],[[3576,2443],[-224,-123],[-43,3],[-39,-37]],[[3228,2295],[-34,64],[-15,3],[-21,42],[-196,260],[-83,120],[29,31],[-40,29],[-19,22],[7,26],[19,26]],[[2875,2918],[31,-27]],[[2906,2891],[19,-15],[39,-29],[22,-12],[35,-3],[1,-37],[42,-58],[25,26],[36,-22],[46,53],[667,313]],[[3748,3206],[14,-15],[18,-20],[58,-64]],[[2906,2891],[140,143]],[[3046,3034],[32,12],[59,-59],[36,-13],[33,87],[40,52],[53,43],[217,100],[40,9],[30,1],[49,-12],[48,-18],[41,-22],[24,-8]],[[3242,3874],[21,-30],[128,-186],[86,-122],[41,-58],[-7,-3],[56,-79],[55,-76],[6,2],[37,-37],[6,-6],[24,-20],[34,-31],[6,-7],[13,-15]],[[3046,3034],[0,35],[-150,223],[-114,147],[-15,18]],[[2767,3457],[-75,93],[-99,35]],[[2593,3585],[59,30],[590,259]],[[4654,2573],[23,-8],[43,-1],[20,5],[40,6],[11,2],[8,-1],[15,-1],[1,0],[1,-1]],[[4816,2574],[35,-46],[2,-60],[114,-350],[-196,-139],[-301,-243],[-698,-422]],[[3772,1314],[-87,24]],[[3574,1872],[215,122]],[[3789,1994],[295,168],[294,177],[173,105],[41,39],[62,90]],[[4289,2824],[12,-9],[9,-5],[58,-38],[49,-30],[27,-17],[25,-12],[15,-8],[14,-12],[20,-17],[27,-21],[17,-16],[10,-10],[4,-4],[8,-7],[0,-1],[4,-3],[49,-35],[17,-6]],[[3789,1994],[-151,311],[-62,138]],[[2931,1840],[-147,110],[-220,178],[-83,84],[-47,53]],[[2434,2265],[-213,238]],[[2221,2503],[195,215]],[[2416,2718],[263,281],[9,53],[48,-9],[139,-125]],[[2416,2718],[-218,242],[245,260],[54,-14],[34,-6],[24,27],[114,122],[31,-10],[26,81],[41,37]],[[2221,2503],[-467,494]],[[1754,2997],[24,26],[16,-18],[32,-2],[14,15],[-6,81],[430,456],[-135,145],[-8,49]],[[2121,3749],[27,-23],[21,-12],[214,-63],[60,-18],[150,-48]],[[2434,2265],[-527,-573]],[[1907,1692],[-13,15],[-32,37],[-13,16],[-77,96],[-69,101],[-69,102],[-67,106],[-5,9],[-124,200],[-66,107],[-33,60]],[[1339,2541],[415,456]],[[2528,1189],[-13,6],[-31,17],[-100,62],[-103,75],[-86,67],[-17,15],[-41,33],[-38,31],[-41,40],[-43,40],[-18,20],[-52,55],[-15,15],[-5,6],[-18,21]],[[1339,2541],[-27,47],[-61,108],[-58,108],[-66,106],[-68,105],[-72,97],[-35,43],[-43,53],[-27,32],[-52,60],[-12,13]],[[818,3313],[855,936],[79,42],[52,-15]],[[1804,4276],[13,-97],[30,-29],[62,-43],[61,-93],[74,-114],[54,-114],[23,-37]],[[1682,4792],[89,-344],[33,-172]],[[818,3313],[-76,82],[-81,81],[-82,78]],[[579,3554],[376,435],[-6,42],[-10,17],[12,5],[15,26],[16,18],[-4,6],[22,24],[5,-5],[56,60],[-2,75],[-54,57],[63,71],[29,49],[0,22]],[[1097,4456],[33,-9],[70,-42],[277,301],[56,36],[149,50]],[[1542,5320],[140,-528]],[[1097,4456],[-1,54],[-16,36],[-4,27],[-4,47],[-40,31],[-17,29],[-23,78],[-25,81],[-24,50],[-3,4],[-13,11],[-34,51],[-2,97],[17,60],[-73,58],[-134,109]],[[701,5279],[183,250],[33,46],[66,90],[27,37],[4,5],[193,266],[30,40],[10,15],[3,4],[1,0],[19,-47],[2,-4],[4,-9],[17,-45],[4,-13],[14,-38],[16,-45],[1,-2],[14,-45],[4,-16],[17,-60],[7,-23],[11,-37],[0,0],[8,-26],[7,-19],[2,-4],[5,-16],[7,-18],[4,-14],[3,-6],[7,-12],[6,-13],[14,-23],[7,-13],[4,-7],[12,-23],[6,-11],[6,-14],[1,-3],[5,-16],[4,-10],[4,-8],[15,-33],[2,-7],[5,-11],[2,-4],[3,-5],[2,-4],[2,-3],[3,-6],[3,-4],[12,5]],[[579,3554],[-5,5],[-90,82],[-96,80],[-55,47],[-32,28],[-41,33],[-53,41],[-96,71],[-81,55],[-30,19],[0,0],[154,310],[13,25],[28,57],[3,-2],[10,16],[3,17],[6,12],[1,3],[3,6],[10,20],[5,10],[1,2],[20,41],[124,248],[148,297],[12,23],[6,0],[22,-2],[5,6],[25,35],[75,103],[27,37]],[[4816,2574],[7,0],[1,-1],[0,1],[8,-1],[12,-3],[7,-1],[8,-2],[5,-1],[2,-1],[2,0],[1,1],[2,1],[1,1],[4,9],[13,-2],[0,-1],[0,-2],[-1,-3],[1,-1],[0,-3],[1,-1],[5,-3],[4,-1],[5,-1],[5,-1],[8,0],[4,0],[1,1],[2,0],[40,-5],[35,-5],[60,-8],[54,-12],[125,-26],[27,-5],[13,-4],[7,0],[5,1],[10,6],[1,0],[33,-7],[61,-17],[4,-1],[7,-1],[38,-9],[17,-4],[8,1],[52,-12],[37,-8],[3,-1],[1,0],[0,0],[93,-20],[17,-4],[66,-16],[7,-1],[79,-18],[5,-2],[51,-11],[11,-2],[50,-11],[7,-2],[40,-9],[1,0],[80,-19],[12,-2],[28,-7],[1,0],[37,-9],[1,0],[15,-3],[42,-10],[1,0],[1,-1],[13,-3],[14,-3],[96,-21],[22,-5],[63,-14],[-38,-44],[-1,-1],[-6,-8],[-53,-61],[-31,-36],[-41,-48],[-42,-48],[-6,-7],[-19,-23],[-15,-17],[-5,-6],[-12,-14],[-63,-73],[-5,-6],[0,0],[0,-1],[0,0],[-10,-10],[-51,-60],[-4,-5],[-22,-26],[-48,-56],[-1,0],[-1,-2],[-10,-11],[-1,-1],[-1,-1],[-1,-1],[-2,-2],[0,0],[-2,-3],[-4,-3],[0,-1],[-5,-5],[0,0],[-1,-1],[-16,-16],[-12,-12],[5,-1],[-11,-12],[0,-1],[-2,-2],[-14,-16],[-5,-5],[-33,-36],[-11,-14],[-419,-464],[-26,-29],[-111,-122],[-5,-6],[-7,-8],[-6,-6],[-25,-27],[-32,-36],[-4,-4],[-14,-16]],[[5166,835],[-1394,479]],[[5166,835],[-4,-4],[-3,-3],[0,-1],[-1,-1],[-12,-13],[-68,-72],[-70,-75],[-5,-5],[-19,-21],[-41,-44],[-76,-82],[-68,-73],[-34,-38],[-2,-2],[-12,-14],[-1,-1],[-13,-14],[-2,-3],[-22,-23],[-2,-3],[-1,-1],[-6,-7],[-5,-5],[-9,-10],[-52,-58],[-2,-2],[-3,-4],[-1,-1],[-2,-2],[-3,-4],[-8,-8],[-46,-53],[-102,-114],[-67,-74],[-111,80],[0,0],[-81,55],[-114,82],[-67,47],[-210,149],[-103,72],[-97,68],[-82,56],[-84,58],[-26,17]],[[1542,5320],[12,4],[7,3],[26,11],[26,13],[22,11],[18,9],[21,10],[18,9],[21,9],[20,9],[22,10],[27,11],[28,10],[26,6],[11,2],[16,4],[10,1],[24,4],[33,1],[15,1],[25,-1],[25,-2],[26,-4],[21,-4],[22,-6],[4,-2],[25,-8],[23,-15],[41,-49],[7,-9],[44,-53],[8,3],[4,-6],[10,-14],[27,-37],[14,-20],[6,-9],[9,-11],[7,2],[40,-57],[23,-32],[33,-48],[-7,-2],[88,-123],[6,2],[85,-120],[52,-72],[13,-19],[51,-71],[0,0],[65,-92],[62,-88],[63,-88],[12,-16],[12,-18],[45,-64],[58,-80],[8,-12],[17,-23],[26,-38],[10,-13],[2,-2],[44,-63],[33,-46],[108,-154]]],"objects":{"CBS - BT - Maassluis WGS 84":{"type":"GeometryCollection","geometries":[{"arcs":[[0,1,2,3,4,5,6]],"type":"Polygon","properties":{"BU_CODE":"BU05560101","BU_NAAM":"Taanschuurpolder","WK_CODE":"WK055601","GM_CODE":"GM0556","GM_NAAM":"Maassluis"}},{"arcs":[[7,8,9,-7,10,11,12]],"type":"Polygon","properties":{"BU_CODE":"BU05560201","BU_NAAM":"Vertobuurt","WK_CODE":"WK055602","GM_CODE":"GM0556","GM_NAAM":"Maassluis"}},{"arcs":[[13,-13,14,15]],"type":"Polygon","properties":{"BU_CODE":"BU05560202","BU_NAAM":"Bloemenbuurt","WK_CODE":"WK055602","GM_CODE":"GM0556","GM_NAAM":"Maassluis"}},{"arcs":[[16,-16,17,18,19]],"type":"Polygon","properties":{"BU_CODE":"BU05560203","BU_NAAM":"Bomendal","WK_CODE":"WK055602","GM_CODE":"GM0556","GM_NAAM":"Maassluis"}},{"arcs":[[20,21,22,-2,23,24]],"type":"Polygon","properties":{"BU_CODE":"BU05560301","BU_NAAM":"Sluispolder Oost","WK_CODE":"WK055603","GM_CODE":"GM0556","GM_NAAM":"Maassluis"}},{"arcs":[[25,-25,26,-9]],"type":"Polygon","properties":{"BU_CODE":"BU05560302","BU_NAAM":"Sluispolder West","WK_CODE":"WK055603","GM_CODE":"GM0556","GM_NAAM":"Maassluis"}},{"arcs":[[-27,-24,-1,-10]],"type":"Polygon","properties":{"BU_CODE":"BU05560303","BU_NAAM":"Binnenstad","WK_CODE":"WK055603","GM_CODE":"GM0556","GM_NAAM":"Maassluis"}},{"arcs":[[-11,-6,27,28,29,30]],"type":"Polygon","properties":{"BU_CODE":"BU05560401","BU_NAAM":"Kapelpolder","WK_CODE":"WK055604","GM_CODE":"GM0556","GM_NAAM":"Maassluis"}},{"arcs":[[-18,-15,-12,-31,31]],"type":"Polygon","properties":{"BU_CODE":"BU05560402","BU_NAAM":"Componistenbuurt","WK_CODE":"WK055604","GM_CODE":"GM0556","GM_NAAM":"Maassluis"}},{"arcs":[[-19,-32,-30,32,33,34]],"type":"Polygon","properties":{"BU_CODE":"BU05560403","BU_NAAM":"Koningshoek","WK_CODE":"WK055604","GM_CODE":"GM0556","GM_NAAM":"Maassluis"}},{"arcs":[[-33,-29,35,36,37]],"type":"Polygon","properties":{"BU_CODE":"BU05560404",