{"type":"Topology","transform":{"scale":[0.00000768120624547674,0.000004997222543830533],"translate":[4.350671359605325,51.896678714507175]},"arcs":[[[6687,4533],[-2,-25],[83,-204],[2,-34],[17,-217],[-41,-4],[-1,-63],[-4,-111],[-2,-48],[12,-1],[-7,-30],[3,-132],[31,-45],[-68,-52],[-54,-32],[-39,-86]],[[6617,3449],[-344,87],[-202,101],[-51,224],[0,11],[-12,13],[-12,70],[2,143],[1,39],[1,37],[12,90],[13,51],[25,33],[39,35],[63,39],[79,35],[100,38],[194,23],[12,1]],[[6537,4519],[150,14]],[[8385,5303],[10,-21],[10,-21],[12,1],[17,1],[15,1],[19,2],[20,2],[23,2],[13,2],[5,0],[18,3],[15,2],[14,2],[2,0],[3,1],[6,1],[2,0],[13,3],[11,3],[0,-1],[0,-4],[2,-90],[22,-20],[0,-22],[0,-4],[0,-10],[5,-281],[0,-1],[0,-5],[1,-90],[1,-7],[0,0],[0,-1],[1,-68],[0,-25],[-16,-81],[-40,-201],[-34,-171],[-61,-304],[-10,-50],[-18,3],[-58,-291],[-13,1],[-10,1],[-171,16],[-21,2],[-5,-54],[0,0],[-8,-72],[0,0],[0,-8],[-91,1],[-2,0],[-1,0],[-1,0],[0,0],[-1,0],[-1,0],[-1,-1],[-1,0],[-1,0],[-1,0],[-1,-1],[-1,0],[-1,-1],[-1,-1],[0,0],[-1,-1],[-1,-1],[-1,-1],[-1,-1],[-1,-1],[-14,-27],[-1,-3],[-1,-1],[-1,-3],[-1,-2],[-1,-3],[0,-1],[-1,-2],[0,-2],[-1,-2],[-6,-46],[-2,-7],[-6,-17],[-1,0],[-2,1],[-1,0],[-2,0],[-2,-1],[-2,0],[-2,0],[-1,-1],[-2,-1],[-1,-1],[-1,-1],[-1,0],[-1,-1],[-2,-3],[-1,-1],[-1,-2],[-2,-2],[-1,-2],[-2,-1],[-1,-2],[-2,-1],[-2,-2],[-2,-2],[-3,-2],[-2,-2],[-3,-2],[-2,-1],[-2,-1],[-2,-1],[-24,-14],[0,0]],[[7962,3279],[-35,59],[7,109],[-86,24],[-244,33],[-114,8],[-86,-4],[-152,18],[-428,4],[-116,-32],[-49,-31],[-17,-26]],[[6642,3441],[-25,8]],[[6687,4533],[1,9],[88,-6],[92,11],[61,5],[41,11],[105,28],[134,124],[55,143],[22,117],[25,45],[17,44],[48,124]],[[7376,5188],[135,373]],[[7511,5561],[35,-23],[291,-190],[400,-107],[148,62]],[[5475,4134],[-15,12],[-29,199],[30,139],[166,123],[285,130],[18,6],[261,83],[192,41],[16,-10],[51,3],[140,-107],[-11,-19],[5,-3],[-47,-212]],[[6642,3441],[214,-64],[182,-136],[306,-546],[96,-177]],[[7440,2518],[-22,-4],[-306,-119],[-204,207],[-31,28]],[[6877,2630],[-120,111],[-255,254],[-179,150],[-101,85],[-110,94],[-215,184],[-43,40],[-11,10],[13,115],[-117,178],[-7,7],[-20,20],[-151,155],[-86,101]],[[6877,2630],[-312,-284],[14,-15],[-32,-31],[-25,-25],[-18,16],[-165,-150],[-53,-49],[-199,-81],[-114,-25],[-199,-45],[-82,-9],[-504,202],[-486,189],[-65,25],[-790,291],[-233,193],[-38,-20],[-883,-349],[-29,-8]],[[2664,2455],[179,592]],[[2843,3047],[800,318],[100,40],[8,3],[28,10],[28,29],[373,155],[73,27],[290,81],[8,-17],[405,145],[31,21],[91,61],[143,95],[254,119]],[[7440,2518],[38,-71],[69,-283],[20,-298],[1,-6],[8,-130],[101,-666],[1,-14],[352,101]],[[8030,1151],[-2,-2],[179,-333],[-4,-2],[-370,-127],[-147,-51],[-220,-76],[-8,-3],[-758,-261],[-404,-148],[-52,-15],[-66,-18],[-68,-18],[-77,-17],[-82,-17],[-81,-14],[-100,-15],[-205,-23],[-187,-9],[-53,-2],[-73,0],[-82,2],[-81,3],[-80,6],[-83,7],[-21,2],[-95,13],[-364,67],[-363,90],[-394,97],[-152,38],[-358,89],[-169,42],[-87,19],[-105,23],[-23,4],[-138,24],[-7,1],[-45,8],[-8,1],[-6,17],[-5,17],[-6,17],[-6,17],[-5,17],[-5,17],[-5,18],[-5,17],[-5,17],[-5,18],[-5,17],[-4,18],[-4,17],[-5,18],[-4,17],[-3,18],[-4,17],[-4,18],[-3,18],[-4,17],[-3,18],[-3,18],[-3,17],[-2,18],[-3,18],[-3,18],[-2,18],[-2,17],[-2,18],[-2,15],[-1,15],[-2,15],[-1,15],[-8,129],[-7,1],[-1,10],[-1,39],[1,46],[2,56],[2,40],[0,8],[1,17],[1,17],[2,17],[1,16],[2,16],[1,16],[2,15],[2,19],[3,18],[2,19],[3,18],[-4,9],[19,142],[0,0],[-8,19],[20,154],[-4,19],[-8,35],[-22,105],[-10,48],[-4,17],[-8,45],[-9,45],[-1,5],[-9,49],[-10,50],[-1,4],[0,3],[0,1],[-1,6],[-2,11]],[[2421,2387],[29,10],[214,58]],[[7962,3279],[-348,-197],[-11,-6],[61,-328],[60,-112],[10,5],[5,3],[6,2],[154,74],[182,-345],[0,-1],[91,-173],[-1,-11],[-2,-15],[-1,-6],[-2,-6],[-1,-6],[-2,-6],[-2,-6],[-1,-6],[-2,-5],[-3,-6],[-2,-6],[42,-80],[0,0],[57,-79],[168,-229],[6,-13],[37,-51],[-433,-519]],[[2843,3047],[446,1476],[763,534],[57,43],[120,85],[506,356],[515,288],[507,123],[18,-2],[535,-49],[260,-97],[278,-202],[273,-215],[255,-199]],[[1503,7813],[29,11],[168,91],[173,175],[212,101],[283,28],[346,42],[259,9],[49,-7],[231,-32],[347,-50],[58,-9],[61,74],[148,179],[26,-15],[-29,-34],[-81,-114],[-20,-51],[55,-38],[163,7],[10,-38],[164,25],[12,-37],[65,3],[-19,-46],[13,-2],[25,-4],[236,45],[162,-89],[158,-122],[85,-65],[826,-116]],[[5718,7734],[462,-1239],[154,-360],[155,-74],[262,-80],[339,-145],[421,-275]],[[2421,2387],[-3,28],[-5,39],[0,1],[-1,8],[-1,2],[-5,28],[1,8],[-4,8],[-28,156],[-19,113],[-5,24],[-3,20],[-3,15],[-22,124],[-6,31],[-1,10],[-1,2],[-12,59],[-44,117],[-58,152],[-20,54],[-6,16],[0,0],[0,1],[-2,8],[-15,54],[-10,37],[-1,3],[-8,33],[-41,151],[-34,-9],[-11,-3],[-15,86],[-8,55],[-7,54],[-4,36],[-4,46],[-3,32],[-4,38],[-4,104],[-2,64],[-1,14],[-1,12],[-10,164],[-4,62],[-5,102],[-16,254],[-6,49],[-27,127],[-1,4],[-3,9],[-4,13],[-6,10],[-4,7],[-7,10],[-100,128],[-21,30],[-29,43],[-23,27],[-36,40],[-21,23],[-43,47],[-30,34],[-9,9],[-12,13],[0,1],[-7,6],[-24,20],[-17,13],[-5,4],[-11,8],[-19,11],[-23,237],[-25,258],[0,1],[79,84],[42,41],[29,24],[34,24],[20,12],[30,16],[39,22],[-1,15],[-1,20],[-2,38],[-1,13],[0,0],[-2,30],[-5,91],[-5,87],[-21,372],[0,7],[-1,7],[-1,7],[-1,7],[-1,18],[-2,17],[-2,18],[-3,18],[-2,19],[-2,19],[-3,18],[-3,19],[-7,60],[-3,24],[-16,90],[-6,37],[-2,14],[-9,52],[-15,70],[-18,87],[-28,116],[-5,23],[-8,32],[-37,132],[-4,13],[0,1],[-5,17]],[[5008,9786],[22,8],[3,1],[22,-8],[13,-13],[9,-10],[11,5],[2,1],[7,3],[3,2],[1,0],[9,5],[2,1],[29,15],[62,32],[230,126],[203,112],[0,0],[12,6],[39,20],[56,-19],[9,-3],[38,-13],[3,-1],[3,-1],[-5,-14],[-3,-6],[-7,-20],[-20,-54],[-71,-188],[-92,-181],[-19,-18],[-6,-11],[-4,-42],[56,-28],[24,-5],[20,-19],[99,-218],[4,-3],[361,-318],[11,-11],[79,-86],[35,-42],[67,-71],[16,-19],[17,-17],[19,-23],[17,-18],[41,-40],[37,-37],[11,-9],[41,-40],[64,-12],[36,-3],[27,-2],[2,-1],[19,-19],[15,-14],[10,-11],[2,-2],[3,-5],[-8,-92],[4,-7],[5,-5],[204,-200],[25,-25],[248,122],[33,-12],[58,30],[260,137],[104,-131],[193,57],[12,6],[7,4],[98,49],[14,8],[182,92],[79,65],[49,46],[48,100],[122,129],[0,0],[4,-8],[112,-206],[5,-10],[13,-25],[8,0],[8,-10],[74,-101],[16,-23],[3,-4],[22,-33],[24,-37],[-10,-7],[-13,-10],[-11,-7],[-13,-10],[-44,-11],[-1,0],[-33,-8],[-21,-9],[-6,-2],[-11,-5],[0,1],[-19,-12],[-1,0],[-9,-6],[0,0],[-8,-5],[0,0],[-39,-25],[-38,-24],[-39,-28],[-26,-19],[-33,-27],[-1,0],[-6,-5],[-2,-1],[-11,-8],[-26,-17],[-63,-43],[-28,-20],[-29,-20],[-9,-6],[-9,-5],[-8,-4],[-7,-4],[-10,-4],[-9,-4],[-9,-3],[-9,-2],[-9,-3],[-19,-3],[-9,-1],[-12,-1],[-8,0],[-18,-1],[-43,0],[-2,0],[-24,-1],[-7,0],[-42,-1],[-1,0],[-17,-1],[-17,-1],[-23,-2],[-23,-2],[-30,-4],[-23,-6],[-19,-6],[-23,-9],[-22,-10],[-16,-9],[-11,-7],[-18,-13],[-14,-13],[-1,1],[-12,-12],[1,-1],[-18,-22],[-12,-16],[-12,-19],[-3,-4],[-10,-19],[-5,-13],[-7,-23],[-9,-41],[-3,-22],[-2,-13],[-6,-2],[-1,-9],[7,-3],[-5,-66],[-3,-44],[-3,-35],[-4,-26],[-10,-47],[-16,-71],[-5,-24],[-7,-33],[-6,-35],[-6,-30],[-6,-39],[-8,-49],[-3,-30],[-4,-34],[-1,-23],[-2,-29],[-1,-24],[-1,-23],[1,-29],[1,-38],[1,-12],[2,-16],[2,-13],[4,-17],[4,-15],[4,-10],[6,-18],[7,-18],[14,-31],[8,-16],[3,-7],[11,-18],[8,-13],[12,-16],[21,-28],[12,-17],[5,-7],[18,-28],[9,-16],[11,-18],[2,-4],[21,-38],[11,-18],[5,-12],[8,-18],[11,-40],[3,-9],[10,5],[8,4],[37,16],[6,3],[19,8],[214,-438],[186,-381],[197,-404]],[[5718,7734],[-8,20],[-77,288],[-6,19],[-218,610],[-401,1115]],[[1503,7813],[-2,10],[-3,8],[-12,38],[-1,5],[-7,20],[-6,19],[0,0],[-14,49],[-39,109],[-9,24],[-6,16],[-32,80],[-19,49],[-10,23],[-6,13],[-12,27],[-10,23],[-12,27],[-22,49],[-61,128],[-17,32],[-43,85],[-14,25],[-5,10],[-38,71],[-30,53],[-49,61],[-198,410],[-46,93],[-29,61],[-2,3],[-30,61],[-47,96],[-80,163],[-61,125],[-68,140],[-31,63],[-3,8],[-7,12],[0,1],[-294,606],[-44,89],[-82,169],[0,0],[0,1],[-2,4],[39,16],[10,4],[16,7],[13,-2],[2,0],[3,0],[31,2],[13,11],[1,0],[9,8],[0,0],[6,5],[54,21],[49,16],[-2,5],[6,4],[31,21],[20,11],[18,5],[50,13],[18,7],[34,15],[64,13],[7,3],[44,34],[40,16],[17,2],[23,-2],[11,1],[3,1],[35,18],[58,21],[35,9],[137,39],[25,19],[33,