{"type":"Topology","transform":{"scale":[0.000013020423169651693,0.000007672025109220352],"translate":[4.212717692774691,51.90533504290873]},"arcs":[[[3127,2107],[287,-373],[4,-9]],[[3418,1725],[41,-88],[32,-122],[39,-121],[-5,-161]],[[3525,1233],[-54,-102],[-191,-501]],[[3280,630],[-9,6],[-26,16],[-76,46],[-27,16],[-60,37],[-98,57],[-55,30],[-45,24],[-102,54],[-98,51],[-104,49],[-100,48],[-36,19],[-24,12],[-2,1]],[[2418,1096],[386,600]],[[2804,1696],[119,186],[165,233]],[[3088,2115],[16,-24],[23,16]],[[3671,2864],[0,0],[3,1],[5,-13],[5,-9],[28,-61],[28,13],[0,0],[24,-6],[55,-16],[37,-26],[0,0],[53,-36],[0,0],[9,-6],[33,-61],[0,-2],[9,-18],[0,-2],[63,31],[9,-6],[3,-1],[9,-7],[4,-2],[54,-34]],[[4102,2603],[-379,-191],[-302,-160]],[[3421,2252],[-215,-113],[-41,2],[-38,-34]],[[3088,2115],[-33,59],[-15,3],[-19,39],[-188,240],[-80,110],[29,28],[-39,28],[-18,20],[7,23],[18,25]],[[2750,2690],[30,-25]],[[2780,2665],[18,-14],[38,-27],[20,-10],[33,-3],[1,-35],[41,-53],[23,24],[35,-21],[44,49],[638,289]],[[3585,2955],[13,-14],[18,-18],[55,-59]],[[2780,2665],[134,132]],[[2914,2797],[30,10],[57,-54],[34,-11],[32,79],[38,49],[51,39],[207,93],[38,8],[29,1],[47,-11],[46,-17],[39,-20],[23,-8]],[[3101,3571],[20,-28],[123,-171],[82,-112],[39,-55],[-7,-2],[54,-73],[52,-70],[6,2],[35,-34],[7,-6],[23,-18],[32,-29],[5,-6],[13,-14]],[[2914,2797],[0,32],[-144,206],[-109,134],[-14,17]],[[2647,3186],[-72,86],[-94,32]],[[2481,3304],[55,28],[565,239]],[[4452,2372],[21,-7],[42,-2],[19,5],[38,6],[11,1],[7,0],[15,-2],[0,0],[1,0]],[[4606,2373],[34,-43],[2,-56],[109,-321],[-187,-128],[-288,-224],[-668,-390]],[[3608,1211],[-83,22]],[[3418,1725],[206,113]],[[3624,1838],[282,154],[281,164],[167,96],[39,37],[59,83]],[[4102,2603],[12,-8],[9,-5],[55,-35],[47,-27],[26,-16],[24,-12],[14,-6],[14,-12],[19,-15],[25,-20],[16,-14],[10,-10],[4,-3],[7,-7],[1,0],[3,-4],[48,-31],[16,-6]],[[3624,1838],[-144,287],[-59,127]],[[2804,1696],[-141,102],[-211,164],[-78,77],[-46,49]],[[2328,2088],[-203,220]],[[2125,2308],[186,197]],[[2311,2505],[252,260],[8,48],[46,-8],[133,-115]],[[2311,2505],[-209,223],[235,240],[51,-13],[33,-6],[23,25],[109,113],[29,-10],[25,76],[40,33]],[[2125,2308],[-447,454]],[[1678,2762],[22,24],[16,-16],[30,-2],[14,14],[-6,74],[411,421],[-129,133],[-7,46]],[[2029,3456],[25,-21],[20,-12],[206,-58],[57,-16],[144,-45]],[[2328,2088],[-504,-528]],[[1824,1560],[-12,13],[-31,35],[-13,14],[-73,89],[-66,93],[-66,94],[-64,98],[-5,8],[-119,184],[-63,99],[-32,55]],[[1280,2342],[398,420]],[[2418,1096],[-12,6],[-30,15],[-96,57],[-99,69],[-81,63],[-17,13],[-39,31],[-36,28],[-40,37],[-40,37],[-18,18],[-49,51],[-15,14],[-5,6],[-17,19]],[[1280,2342],[-25,44],[-58,99],[-56,100],[-63,97],[-65,97],[-69,90],[-33,39],[-41,49],[-26,29],[-50,56],[-12,12]],[[782,3054],[818,863],[76,38],[50,-14]],[[1726,3941],[12,-89],[29,-27],[59,-39],[58,-86],[71,-106],[52,-104],[22,-34]],[[1609,4417],[85,-317],[32,-159]],[[782,3054],[-72,75],[-78,75],[-78,72]],[[554,3276],[360,401],[-7,39],[-9,16],[12,4],[14,24],[15,17],[-3,5],[20,22],[6,-4],[53,55],[-2,69],[-51,52],[60,66],[27,45],[0,20]],[[1049,4107],[32,-8],[67,-39],[265,278],[53,33],[143,46]],[[1475,4903],[134,-486]],[[1049,4107],[-1,50],[-15,34],[-4,24],[-3,44],[-39,29],[-16,25],[-22,73],[-24,75],[-23,45],[-3,5],[-12,10],[-33,46],[-1,89],[16,56],[-70,54],[-128,100]],[[671,4866],[174,230],[32,42],[63,84],[26,34],[4,5],[185,244],[28,38],[10,13],[3,4],[0,0],[19,-43],[1,-4],[4,-8],[17,-42],[4,-12],[13,-35],[16,-41],[0,-2],[13,-42],[5,-15],[16,-55],[6,-21],[11,-34],[0,0],[8,-24],[6,-17],[2,-4],[5,-15],[6,-16],[5,-13],[3,-6],[6,-11],[6,-12],[13,-22],[7,-11],[4,-7],[12,-21],[5,-10],[6,-13],[1,-3],[4,-14],[5,-9],[3,-7],[14,-32],[3,-6],[4,-10],[2,-3],[2,-5],[3,-4],[1,-3],[4,-6],[2,-3],[12,4]],[[554,3276],[-5,4],[-86,76],[-91,74],[-54,43],[-30,26],[-39,30],[-51,39],[-92,65],[-78,51],[-28,17],[0,0],[148,286],[12,23],[26,52],[3,-2],[10,15],[3,16],[5,11],[2,2],[3,6],[9,19],[5,8],[1,3],[19,37],[119,229],[141,274],[11,21],[6,0],[21,-2],[5,6],[24,32],[72,95],[26,34]],[[4606,2373],[7,-1],[1,0],[0,1],[8,-2],[11,-2],[7,-1],[8,-2],[5,-1],[2,0],[1,-1],[1,1],[2,1],[1,1],[4,8],[12,-1],[0,-2],[0,-1],[0,-3],[0,-1],[1,-2],[0,-2],[5,-2],[4,-1],[4,-1],[5,-1],[8,0],[4,0],[1,1],[2,0],[38,-5],[34,-4],[57,-7],[52,-12],[120,-24],[25,-5],[13,-3],[6,0],[5,0],[10,6],[1,0],[31,-6],[58,-15],[4,-1],[7,-2],[36,-8],[17,-4],[7,1],[50,-11],[36,-7],[2,-1],[1,0],[1,0],[88,-19],[16,-3],[64,-15],[6,-1],[75,-17],[5,-1],[49,-10],[11,-2],[47,-11],[7,-1],[39,-9],[0,0],[77,-17],[11,-2],[28,-6],[1,0],[35,-8],[0,0],[15,-4],[40,-9],[1,0],[1,0],[13,-3],[13,-3],[92,-19],[21,-5],[60,-13],[-36,-40],[-1,-2],[-6,-7],[-51,-56],[-29,-33],[-40,-44],[-40,-45],[-5,-6],[-19,-21],[-14,-16],[-5,-6],[-11,-12],[-60,-68],[-5,-5],[0,-1],[0,0],[-1,0],[-8,-10],[-49,-55],[-5,-5],[-21,-23],[-46,-52],[0,0],[-2,-2],[-9,-10],[-1,0],[-1,-2],[-1,-1],[-2,-2],[0,0],[-2,-2],[-3,-3],[-1,-1],[-4,-4],[-1,-1],[0,-1],[-16,-14],[-11,-11],[5,-2],[-10,-11],[-1,0],[-1,-2],[-14,-15],[-5,-5],[-31,-33],[-11,-12],[-400,-428],[-26,-27],[-106,-113],[-4,-5],[-8,-7],[-5,-6],[-24,-25],[-31,-33],[-3,-3],[-14,-15]],[[4941,770],[-1333,441]],[[4941,770],[-3,-4],[-3,-3],[-1,-1],[-1,-1],[-11,-11],[-64,-67],[-68,-69],[-4,-5],[-19,-19],[-39,-41],[-73,-75],[-65,-67],[-33,-36],[-1,-2],[-12,-12],[-1,-1],[-12,-14],[-2,-2],[-21,-21],[-2,-3],[-1,-1],[-6,-6],[-4,-5],[-9,-9],[-50,-54],[-1,-1],[-4,-4],[-1,-1],[-1,-2],[-3,-3],[-8,-8],[-44,-49],[-98,-105],[-63,-68],[-107,74],[0,0],[-77,51],[-109,75],[-64,44],[-201,137],[-99,66],[-93,63],[-77,52],[-82,53],[-24,15]],[[1475,4903],[12,5],[6,2],[25,11],[25,12],[21,9],[17,9],[20,9],[18,8],[19,8],[19,9],[21,9],[26,10],[28,9],[24,6],[11,2],[15,3],[9,2],[23,3],[32,1],[14,1],[24,-1],[25,-2],[24,-4],[20,-3],[21,-5],[4,-2],[24,-8],[22,-14],[39,-45],[7,-8],[42,-49],[8,3],[4,-6],[9,-13],[26,-34],[13,-18],[6,-9],[8,-10],[7,2],[39,-53],[22,-29],[32,-44],[-7,-2],[83,-114],[7,2],[81,-110],[49,-67],[13,-17],[49,-66],[0,0],[62,-85],[59,-80],[60,-82],[11,-15],[12,-16],[44,-59],[55,-74],[7,-10],[16,-22],[26,-35],[9,-12],[2,-2],[42,-58],[31,-43],[104,-141]],[[6136,5560],[0,-1303],[-768,0],[0,1303],[768,0]]],"objects":{"CBS - BT - Maassluis - WGS 84-2":{"type":"GeometryCollection","geometries":[{"arcs":[[0,1,2,3,4,5,6]],"type":"Polygon","properties":{"BU_CODE":"BU05560101","BU_NAAM":"Taanschuurpolder","WK_CODE":"WK055601","GM_CODE":"GM0556","GM_NAAM":"Maassluis"}},{"arcs":[[7,8,9,-7,10,11,12]],"type":"Polygon","properties":{"BU_CODE":"BU05560201","BU_NAAM":"Vertobuurt","WK_CODE":"WK055602","GM_CODE":"GM0556","GM_NAAM":"Maassluis"}},{"arcs":[[13,-13,14,15]],"type":"Polygon","properties":{"BU_CODE":"BU05560202","BU_NAAM":"Bloemenbuurt","WK_CODE":"WK055602","GM_CODE":"GM0556","GM_NAAM":"Maassluis"}},{"arcs":[[16,-16,17,18,19]],"type":"Polygon","properties":{"BU_CODE":"BU05560203","BU_NAAM":"Bomendal","WK_CODE":"WK055602","GM_CODE":"GM0556","GM_NAAM":"Maassluis"}},{"arcs":[[20,21,22,-2,23,24]],"type":"Polygon","properties":{"BU_CODE":"BU05560301","BU_NAAM":"Sluispolder Oost","WK_CODE":"WK055603","GM_CODE":"GM0556","GM_NAAM":"Maassluis"}},{"arcs":[[25,-25,26,-9]],"type":"Polygon","properties":{"BU_CODE":"BU05560302","BU_NAAM":"Sluispolder West","WK_CODE":"WK055603","GM_CODE":"GM0556","GM_NAAM":"Maassluis"}},{"arcs":[[-27,-24,-1,-10]],"type":"Polygon","properties":{"BU_CODE":"BU05560303","BU_NAAM":"Binnenstad","WK_CODE":"WK055603","GM_CODE":"GM0556","GM_NAAM":"Maassluis"}},{"arcs":[[-11,-6,27,28,29,30]],"type":"Polygon","properties":{"BU_CODE":"BU05560401","BU_NAAM":"Kapelpolder","WK_CODE":"WK055604","GM_CODE":"GM0556","GM_NAAM":"Maassluis"}},{"arcs":[[-18,-15,-12,-31,31]],"type":"Polygon","properties":{"BU_CODE":"BU05560402","BU_NAAM":"Componistenbuurt","WK_CODE":"WK055604","GM_CODE":"GM0556","GM_NAAM":"Maassluis"}},{"arcs":[[-19,-32,-30,32,33,34]],"type":"Polygon","properties":{"BU_CODE":"BU05560403","BU_NAAM":"Koningshoek","WK_CODE":"WK055604","GM_CODE":"GM0556","GM_NAAM":"Maassluis"}},{"arcs":[[-33,-29,35,36,37]],"type":"Polygon",