{"type":"Topology","transform":{"scale":[0.00001068949913954814,0.000006700669118326291],"translate":[4.212717692774691,51.90533504290873]},"arcs":[[[3809,2413],[350,-427],[5,-11],[49,-101],[39,-139],[48,-138],[-7,-185]],[[4293,1412],[-65,-117],[-232,-573]],[[3996,722],[-12,6],[-31,19],[-93,52],[-32,19],[-74,42],[-119,65],[-67,34],[-56,28],[-124,62],[-119,58],[-127,56],[-121,55],[-45,22],[-28,13],[-3,2]],[[2945,1255],[470,687],[146,213],[200,267]],[[3761,2422],[20,-28],[28,19]],[[3022,3783],[67,33],[688,273]],[[3777,4089],[24,-32],[150,-196],[100,-129],[48,-62],[-9,-3],[65,-83],[64,-81],[8,3],[43,-39],[7,-7],[29,-20],[38,-34],[7,-6],[16,-17],[16,-15],[21,-22],[68,-67],[0,0],[3,1],[7,-14],[5,-11],[34,-69],[35,15],[0,0],[29,-8],[67,-18],[45,-29],[0,-1],[65,-41],[0,0],[10,-7],[40,-70],[1,-2],[10,-20],[1,-3],[76,36],[12,-7],[3,-2],[11,-7],[5,-3],[66,-39]],[[4997,2980],[-462,-218],[-368,-183],[-262,-130],[-50,2],[-46,-38]],[[3761,2422],[-40,68],[-18,3],[-24,44],[-228,275],[-97,126],[34,32],[-47,32],[-22,23],[9,27],[22,28],[36,-29],[163,151],[0,37],[-175,236],[-132,154],[-18,19],[-88,98],[-114,37]],[[4997,2980],[15,-9],[10,-6],[67,-39],[57,-32],[32,-18],[29,-13],[17,-8],[17,-13],[23,-18],[31,-22],[20,-17],[12,-11],[5,-4],[8,-7],[1,-1],[4,-3],[58,-37],[20,-6],[26,-8],[50,-2],[23,5],[47,7],[13,1],[9,0],[18,-2],[0,0],[2,0]],[[5611,2717],[41,-49],[2,-64],[133,-368],[-228,-147],[-351,-256],[-813,-446],[-102,25]],[[1560,2682],[484,481],[27,27],[19,-19],[37,-2],[17,16],[-7,85],[500,482],[-156,152],[-10,53]],[[2471,3957],[31,-24],[25,-14],[250,-66],[69,-19],[176,-51]],[[2945,1255],[-15,7],[-36,17],[-117,65],[-120,79],[-100,72],[-19,15],[-49,36],[-43,32],[-49,42],[-49,43],[-22,20],[-60,58],[-17,16],[-7,7],[-20,22],[-15,15],[-37,40],[-16,16],[-89,102],[-81,107],[-80,107],[-78,112],[-7,9],[-144,211],[-77,114],[-38,63]],[[1960,5057],[104,-362],[38,-182],[15,-102],[35,-32],[72,-45],[71,-98],[86,-121],[63,-119],[27,-39]],[[1560,2682],[-31,50],[-71,114],[-69,113],[-76,112],[-79,110],[-84,104],[-41,45],[-50,55],[-31,34],[-61,64],[-14,14],[-89,86],[-94,86],[-95,82]],[[675,3751],[438,459],[-8,45],[-11,18],[14,4],[17,28],[19,19],[-4,6],[25,25],[6,-5],[65,64],[-3,79],[-62,59],[73,76],[34,52],[0,22],[38,-9],[82,-44],[323,318],[65,38],[174,52]],[[1796,5614],[164,-557]],[[675,3751],[-6,5],[-105,87],[-111,84],[-65,50],[-37,29],[-48,34],[-61,45],[-112,74],[-96,59],[-34,19],[0,0],[180,328],[14,26],[33,60],[3,-2],[12,16],[4,19],[7,12],[1,3],[4,7],[11,21],[6,10],[2,3],[23,43],[144,262],[173,314],[13,24],[7,-1],[26,-2],[6,7],[29,37],[87,108],[32,40],[213,263],[38,48],[77,96],[32,39],[4,5],[226,280],[34,43],[12,16],[4,4],[0,0],[23,-49],[2,-4],[5,-10],[20,-48],[4,-14],[16,-40],[19,-47],[1,-2],[16,-48],[6,-17],[19,-63],[8,-24],[13,-39],[0,0],[9,-28],[9,-20],[2,-4],[6,-17],[7,-19],[6,-14],[3,-7],[8,-13],[7,-13],[17,-25],[8,-14],[5,-7],[14,-24],[6,-12],[7,-14],[2,-4],[5,-16],[5,-11],[4,-8],[17,-36],[4,-7],[5,-11],[2,-4],[3,-5],[3,-5],[2,-3],[5,-7],[2,-4],[14,5]],[[5611,2717],[8,-1],[1,0],[0,1],[10,-2],[14,-3],[8,-1],[9,-2],[7,-1],[2,-1],[1,0],[2,1],[2,1],[1,1],[5,10],[15,-2],[0,-2],[0,-2],[-1,-2],[1,-2],[0,-3],[1,-1],[6,-3],[5,-1],[5,-1],[6,-1],[9,0],[5,-1],[2,2],[2,-1],[46,-4],[42,-5],[69,-9],[63,-13],[146,-27],[31,-6],[16,-3],[7,-1],[7,1],[11,6],[1,1],[39,-8],[71,-17],[4,-1],[8,-2],[45,-10],[20,-4],[8,1],[61,-12],[44,-9],[3,-1],[1,0],[1,0],[108,-21],[19,-4],[78,-17],[7,-1],[92,-19],[6,-2],[60,-11],[13,-3],[57,-12],[9,-2],[47,-9],[0,0],[94,-20],[14,-2],[33,-7],[1,-1],[43,-9],[1,0],[18,-4],[48,-10],[1,0],[2,-1],[15,-3],[16,-3],[112,-22],[26,-6],[73,-15],[-44,-46],[-1,-1],[-7,-8],[-62,-65],[-36,-37],[-48,-51],[-49,-52],[-7,-6],[-22,-24],[-17,-19],[-7,-6],[-14,-15],[-72,-77],[-6,-6],[-1,-1],[0,0],[0,0],[-11,-11],[-59,-63],[-6,-6],[-25,-27],[-56,-59],[-1,0],[-2,-2],[-11,-12],[-1,0],[-1,-2],[-1,-1],[-3,-2],[0,0],[-2,-3],[-4,-4],[-1,-1],[-5,-4],[-1,-1],[-1,-1],[-19,-17],[-13,-12],[6,-2],[-13,-12],[0,-1],[-2,-2],[-18,-17],[-5,-6],[-38,-38],[-14,-14],[-487,-490],[-30,-31],[-130,-128],[-6,-6],[-8,-9],[-7,-6],[-29,-29],[-38,-37],[-4,-5],[-16,-17],[-5,-4],[-3,-4],[-1,0],[-1,-1],[-14,-14],[-78,-76],[-82,-79],[-6,-6],[-22,-22],[-48,-46],[-89,-86],[-79,-77],[-40,-41],[-2,-2],[-14,-14],[-1,-1],[-16,-16],[-2,-2],[-25,-25],[-2,-3],[-1,-1],[-8,-8],[-5,-5],[-11,-11],[-60,-61],[-2,-2],[-5,-4],[-1,-1],[-2,-2],[-3,-4],[-9,-9],[-55,-56],[-118,-120],[-77,-78],[-130,85],[0,0],[-94,58],[-134,86],[-77,50],[-246,157],[-120,75],[-112,73],[-95,59],[-99,61],[-29,18]],[[1796,5614],[15,5],[7,3],[31,12],[30,14],[26,11],[21,9],[24,11],[22,9],[23,10],[24,9],[25,11],[32,12],[33,10],[30,6],[13,3],[18,3],[12,2],[28,4],[39,1],[17,1],[29,-1],[30,-2],[30,-5],[24,-4],[26,-5],[4,-2],[29,-10],[28,-15],[47,-52],[9,-9],[50,-56],[10,3],[5,-7],[11,-14],[31,-40],[17,-21],[7,-9],[10,-12],[9,2],[46,-60],[27,-34],[39,-50],[-8,-2],[101,-130],[8,2],[99,-126],[60,-77],[16,-19],[59,-75],[0,0],[76,-98],[72,-92],[73,-93],[14,-18],[14,-18],[53,-67],[67,-85],[9,-12],[20,-25],[31,-40],[12,-14],[1,-2],[52,-67],[38,-48],[126,-162]],[[7474,6366],[0,-1492],[-935,0],[0,1492],[935,0]]],"objects":{"CBS - WK - Maassluis - WGS 84-2":{"type":"GeometryCollection","geometries":[{"arcs":[[0,1,2,3,4]],"type":"Polygon","properties":{"WK_CODE":"WK055601","WK_NAAM":"Wijk 01 Taanschuurpolder","GM_CODE":"GM0556","GM_NAAM":"Maassluis"}},{"arcs":[[5,6,7,-5,8]],"type":"Polygon","properties":{"WK_CODE":"WK055602","WK_NAAM":"Wijk 02 Dijkpolder","GM_CODE":"GM0556","GM_NAAM":"Maassluis"}},{"arcs":[[-8,9,10,-1]],"type":"Polygon","properties":{"WK_CODE":"WK055603","WK_NAAM":"Sluispolder","GM_CODE":"GM0556","GM_NAAM":"Maassluis"}},{"arcs":[[11,12,-9,-4,13]],"type":"Polygon","properties":{"WK_CODE":"WK055604","WK_NAAM":"Wijk 04 Kapelpolder","GM_CODE":"GM0556","GM_NAAM":"Maassluis"}},{"arcs":[[14,-12,15,16]],"type":"Polygon","properties":{"WK_CODE":"WK055605","WK_NAAM":"Wijk 05 Burgemeesterswijk","GM_CODE":"GM0556","GM_NAAM":"Maassluis"}},{"arcs":[[17,-17,18]],"type":"Polygon","properties":{"WK_CODE":"WK055606","WK_NAAM":"Wijk 06 Steendijkpolder","GM_CODE":"GM0556","GM_NAAM":"Maassluis"}},{"arcs":[[19,-2,-11]],"type":"Polygon","properties":{"WK_CODE":"WK055607","WK_NAAM":"Wijk 07 Aalkeetpolder","GM_CODE":"GM0556","GM_NAAM":"Maassluis"}},{"arcs":[[20,-6,-13,-15,-18]],"type":"Polygon","properties":{"WK_CODE":"WK055608","WK_NAAM":"Wijk 08 Wilgenrijk","GM_CODE":"GM0556","GM_NAAM":"Maassluis"}},{"arcs":[[21]],"type":"Polygon","properties":{"WK_CODE":"WK055699","WK_NAAM":"Bovenregionaal","GM_CODE":"GM0556","GM_NAAM":"Maassluis"}}]}},"crs":{"type":"name","properties":{"name":"urn:ogc:def:crs:OGC:1.3:CRS84"}}}