{"type":"Topology","transform":{"scale":[0.000010031807705798945,0.000006013033494111874],"translate":[4.212717692774691,51.90533504290873]},"arcs":[[[4059,2689],[372,-476],[6,-12],[52,-113],[41,-155],[52,-154],[-7,-206]],[[4575,1573],[-70,-130],[-247,-639]],[[4258,804],[-12,8],[-34,20],[-99,58],[-34,21],[-79,48],[-127,71],[-71,39],[-59,31],[-132,69],[-128,64],[-135,63],[-129,61],[-47,24],[-31,16],[-3,1]],[[3138,1398],[501,766],[155,237],[214,298]],[[4008,2699],[20,-32],[31,22]],[[3220,4216],[72,36],[733,304]],[[4025,4556],[25,-35],[160,-219],[107,-143],[51,-69],[-9,-3],[69,-93],[68,-90],[8,3],[46,-43],[8,-8],[30,-23],[41,-37],[7,-8],[18,-18],[16,-17],[23,-24],[72,-75],[0,0],[3,1],[7,-16],[6,-11],[37,-78],[36,17],[1,0],[30,-9],[72,-20],[48,-33],[0,0],[69,-46],[0,0],[11,-7],[43,-79],[1,-2],[10,-23],[1,-2],[81,39],[13,-8],[3,-1],[12,-8],[5,-4],[70,-43]],[[5324,3321],[-492,-243],[-392,-204],[-279,-145],[-53,3],[-49,-43]],[[4008,2699],[-43,75],[-19,4],[-25,49],[-243,306],[-104,142],[36,35],[-50,35],[-24,25],[10,31],[24,31],[38,-32],[174,169],[0,40],[-187,263],[-141,172],[-18,21],[-94,110],[-122,41]],[[5324,3321],[16,-10],[11,-7],[72,-44],[60,-35],[35,-20],[30,-15],[18,-8],[19,-15],[24,-20],[33,-25],[21,-18],[13,-12],[5,-5],[9,-8],[1,-1],[4,-4],[62,-40],[21,-8],[28,-9],[53,-2],[25,6],[50,8],[14,1],[10,0],[18,-2],[1,0],[2,0]],[[5979,3028],[44,-55],[2,-71],[141,-411],[-243,-163],[-373,-286],[-867,-497],[-108,28]],[[1662,2989],[516,535],[29,31],[20,-21],[40,-3],[18,19],[-8,94],[533,537],[-167,170],[-10,58]],[[2633,4409],[33,-27],[26,-15],[267,-74],[74,-20],[187,-57]],[[3138,1398],[-16,8],[-39,20],[-123,72],[-129,88],[-106,80],[-21,16],[-51,40],[-47,37],[-52,47],[-52,47],[-23,23],[-64,64],[-19,18],[-7,8],[-22,24],[-15,17],[-40,45],[-17,18],[-95,113],[-85,119],[-86,120],[-83,124],[-7,11],[-154,235],[-82,126],[-41,71]],[[2089,5635],[110,-403],[41,-203],[16,-114],[37,-35],[77,-50],[75,-110],[93,-134],[67,-133],[28,-44]],[[1662,2989],[-33,55],[-76,127],[-72,127],[-81,125],[-85,122],[-90,115],[-43,51],[-53,62],[-34,37],[-64,71],[-15,15],[-95,96],[-100,96],[-102,92]],[[719,4180],[467,511],[-8,50],[-12,20],[14,5],[19,31],[20,22],[-5,7],[27,27],[7,-5],[69,71],[-3,87],[-66,67],[78,84],[36,58],[0,25],[40,-10],[88,-50],[344,355],[69,42],[186,58]],[[1914,6256],[175,-621]],[[719,4180],[-6,5],[-112,97],[-119,94],[-69,56],[-39,32],[-51,39],[-66,49],[-119,83],[-101,65],[-37,22],[0,0],[192,365],[15,29],[35,66],[3,-2],[13,19],[4,20],[7,14],[2,3],[4,8],[12,24],[6,11],[2,3],[25,48],[154,292],[183,349],[14,27],[8,0],[27,-3],[7,8],[31,41],[93,121],[34,44],[226,293],[41,54],[82,106],[34,44],[5,6],[240,312],[36,48],[14,17],[3,5],[0,0],[25,-55],[2,-4],[5,-11],[21,-54],[5,-15],[17,-45],[21,-53],[1,-2],[16,-53],[6,-19],[21,-70],[8,-27],[14,-44],[0,0],[10,-30],[9,-22],[2,-5],[7,-19],[8,-21],[6,-16],[3,-8],[8,-14],[8,-15],[18,-28],[9,-15],[5,-8],[15,-27],[7,-13],[7,-16],[2,-4],[6,-18],[5,-12],[4,-9],[19,-40],[3,-8],[6,-13],[2,-4],[4,-6],[3,-5],[1,-3],[5,-8],[3,-4],[15,5]],[[5979,3028],[8,-1],[2,-1],[-1,1],[11,-2],[15,-2],[8,-2],[10,-2],[7,-1],[2,-1],[2,0],[2,0],[2,1],[2,2],[4,11],[17,-2],[-1,-2],[0,-2],[0,-3],[0,-2],[1,-3],[1,-2],[5,-3],[6,-1],[6,-1],[6,-1],[10,-1],[5,0],[2,1],[2,0],[49,-5],[44,-6],[74,-9],[68,-15],[155,-30],[33,-7],[17,-3],[8,-1],[7,1],[12,7],[1,0],[41,-8],[76,-19],[5,-2],[8,-2],[48,-10],[21,-5],[9,1],[65,-13],[47,-10],[3,-1],[1,0],[1,0],[115,-24],[20,-4],[83,-19],[8,-2],[98,-21],[6,-1],[64,-13],[14,-3],[61,-14],[9,-1],[50,-11],[1,0],[100,-22],[14,-3],[35,-8],[2,0],[46,-10],[0,0],[20,-5],[51,-11],[1,0],[2,-1],[16,-3],[18,-4],[119,-25],[27,-5],[78,-18],[-47,-51],[-1,-1],[-8,-9],[-65,-72],[-39,-42],[-51,-57],[-52,-57],[-7,-8],[-24,-26],[-19,-21],[-7,-7],[-14,-16],[-78,-86],[-6,-7],[0,-1],[-1,0],[0,0],[-11,-13],[-64,-69],[-6,-7],[-27,-30],[-59,-66],[-1,0],[-2,-3],[-12,-12],[-1,-1],[-2,-2],[-1,-1],[-2,-2],[0,-1],[-3,-2],[-4,-5],[-1,-1],[-6,-5],[0,0],[-1,-1],[-20,-19],[-15,-14],[7,-2],[-14,-14],[0,0],[-2,-3],[-19,-19],[-6,-6],[-40,-43],[-14,-15],[-519,-546],[-33,-35],[-138,-143],[-6,-7],[-9,-9],[-7,-8],[-31,-31],[-41,-42],[-4,-5],[-18,-19],[-4,-5],[-4,-4],[-1,0],[-1,-2],[-14,-14],[-84,-86],[-88,-87],[-6,-7],[-24,-24],[-51,-53],[-94,-95],[-84,-86],[-43,-45],[-2,-3],[-15,-16],[-1,-1],[-17,-17],[-2,-3],[-27,-28],[-2,-2],[-2,-2],[-8,-8],[-5,-6],[-12,-12],[-64,-68],[-2,-2],[-5,-5],[-1,-1],[-2,-3],[-4,-4],[-9,-10],[-58,-62],[-127,-134],[-82,-87],[-138,95],[0,0],[-100,64],[-143,96],[-82,56],[-262,175],[-128,84],[-120,80],[-101,67],[-105,67],[-31,20]],[[1914,6256],[16,6],[8,3],[32,13],[33,16],[26,12],[23,11],[26,11],[23,10],[25,11],[25,11],[27,12],[34,13],[36,11],[31,7],[14,3],[19,4],[13,2],[30,4],[41,2],[19,0],[31,0],[31,-3],[32,-5],[26,-4],[27,-7],[5,-2],[31,-10],[29,-18],[51,-57],[9,-11],[54,-62],[10,4],[6,-8],[12,-16],[33,-44],[17,-23],[8,-10],[11,-14],[9,2],[50,-66],[28,-38],[41,-56],[-8,-3],[108,-144],[8,2],[106,-141],[64,-85],[16,-22],[63,-84],[0,0],[81,-108],[77,-103],[78,-104],[15,-19],[15,-20],[56,-76],[72,-94],[10,-14],[21,-28],[33,-44],[12,-16],[2,-2],[55,-74],[40,-54],[135,-181]]],"objects":{"CBS - WK - Maassluis - WGS 84":{"type":"GeometryCollection","geometries":[{"arcs":[[0,1,2,3,4]],"type":"Polygon","properties":{"WK_CODE":"WK055601","WK_NAAM":"Wijk 01 Taanschuurpolder","GM_CODE":"GM0556","GM_NAAM":"Maassluis"}},{"arcs":[[5,6,7,-5,8]],"type":"Polygon","properties":{"WK_CODE":"WK055602","WK_NAAM":"Wijk 02 Dijkpolder","GM_CODE":"GM0556","GM_NAAM":"Maassluis"}},{"arcs":[[-8,9,10,-1]],"type":"Polygon","properties":{"WK_CODE":"WK055603","WK_NAAM":"Sluispolder","GM_CODE":"GM0556","GM_NAAM":"Maassluis"}},{"arcs":[[11,12,-9,-4,13]],"type":"Polygon","properties":{"WK_CODE":"WK055604","WK_NAAM":"Wijk 04 Kapelpolder","GM_CODE":"GM0556","GM_NAAM":"Maassluis"}},{"arcs":[[14,-12,15,16]],"type":"Polygon","properties":{"WK_CODE":"WK055605","WK_NAAM":"Wijk 05 Burgemeesterswijk","GM_CODE":"GM0556","GM_NAAM":"Maassluis"}},{"arcs":[[17,-17,18]],"type":"Polygon","properties":{"WK_CODE":"WK055606","WK_NAAM":"Wijk 06 Steendijkpolder","GM_CODE":"GM0556","GM_NAAM":"Maassluis"}},{"arcs":[[19,-2,-11]],"type":"Polygon","properties":{"WK_CODE":"WK055607","WK_NAAM":"Wijk 07 Aalkeetpolder","GM_CODE":"GM0556","GM_NAAM":"Maassluis"}},{"arcs":[[20,-6,-13,-15,-18]],"type":"Polygon","properties":{"WK_CODE":"WK055608","WK_NAAM":"Wijk 08 Wilgenrijk","GM_CODE":"GM0556","GM_NAAM":"Maassluis"}}]}},"crs":{"type":"name","properties":{"name":"urn:ogc:def:crs:OGC:1.3:CRS84"}}}