{"type":"Topology","transform":{"scale":[0.000011699758619540124,0.000006729899866781887],"translate":[4.26757121137132,51.89403990586175]},"arcs":[[[5437,3427],[105,-46],[235,-108],[187,-82],[60,-25]],[[6024,3166],[-45,-78],[-57,-102],[-66,-125],[-39,-77],[-40,-98],[-31,-84],[-41,-147],[-30,-140],[-26,-185],[-2,-15]],[[5647,2115],[-3,-27]],[[5644,2088],[-49,-9],[-82,-10],[-129,-31]],[[5384,2038],[-14,-3],[-12,-7],[-127,36],[-108,48],[-77,38],[-82,30],[-59,15]],[[4905,2195],[8,4],[4,12]],[[4917,2211],[188,513],[28,91],[66,145],[66,162],[39,71],[28,49],[45,61],[42,63],[18,61]],[[5647,2115],[39,-3],[100,-11],[80,-23],[92,-42],[49,-21],[121,-84],[57,1],[128,28],[36,-2],[48,19],[30,21],[19,7],[158,51]],[[6604,2056],[195,-618]],[[6799,1438],[-636,-212],[-134,-37]],[[6029,1189],[-2,13],[-16,34],[-8,24],[-53,22],[-143,100],[-38,36],[-47,53],[-35,70],[-20,65],[-14,86],[-3,397],[-6,-1]],[[6024,3166],[24,-10],[68,-8],[39,2],[225,62]],[[6380,3212],[62,-234],[45,-96],[30,-38],[30,-18],[77,-24],[14,-49],[4,-118],[-37,-112]],[[6605,2523],[-4,-13],[-32,-104],[-19,-71],[-9,-29],[0,-32],[14,-64],[49,-154]],[[5397,3562],[60,22],[267,115],[507,217],[14,3]],[[6245,3919],[134,-706],[1,-1]],[[5437,3427],[3,10],[0,24],[-20,56],[-23,45]],[[4141,2598],[56,-58],[73,-59]],[[4270,2481],[-46,-155],[-29,-91],[-27,-94],[-43,-145],[-47,-162],[-29,-99],[-70,-260]],[[3979,1475],[-474,161]],[[3505,1636],[31,139],[24,811],[-1,38],[13,82]],[[3572,2706],[116,-9],[54,-14],[61,-7],[35,-7],[74,-19],[96,-19],[73,-16],[60,-17]],[[4905,2195],[-161,-451],[-89,-242],[-6,-41],[5,-31],[13,-27],[28,-27],[31,-15],[22,-21],[15,-22],[2,-32]],[[4765,1286],[0,-4],[-8,-34],[-9,-34]],[[4748,1214],[-769,261]],[[4270,2481],[6,-5],[93,-46],[101,-45],[96,-41],[145,-58],[158,-59],[48,-16]],[[4141,2598],[-1,2],[3,61],[48,301],[58,273],[60,364]],[[4309,3599],[393,-88],[138,-29],[166,-3],[189,21],[159,46],[43,16]],[[3572,2706],[23,143],[104,687],[16,122],[79,-13],[22,0],[23,60]],[[3839,3705],[470,-106]],[[2172,4079],[205,-45],[1462,-329]],[[3505,1636],[-69,24]],[[3436,1660],[-2630,891]],[[806,2551],[4,5],[15,17],[5,4],[34,37],[26,29],[7,6],[7,9],[6,6],[118,128],[28,31],[445,488],[13,13],[34,38],[5,6],[16,17],[2,2],[0,1],[12,12],[-6,2],[13,12],[17,17],[1,1],[0,0],[5,5],[1,1],[3,4],[3,2],[0,0],[2,3],[1,1],[1,1],[1,1],[10,11],[2,2],[0,1],[52,59],[23,26],[5,6],[54,63],[10,11],[0,0],[0,0],[1,1],[5,6],[67,77],[12,14],[6,7],[16,18],[21,24],[5,7],[45,51],[44,50],[33,38],[56,64],[7,8],[1,1],[40,46],[4,4],[0,0],[28,34]],[[4748,1214],[-13,-50],[-78,-30],[-164,-49],[-83,-13],[0,-1]],[[4410,1071],[-177,-24],[-242,-27],[-112,-11],[-103,-5],[-188,21],[-92,14],[-34,2]],[[3462,1041],[-20,57],[-6,69],[-10,108],[1,114],[6,144],[3,127]],[[3462,1041],[54,-59],[2,-105],[-51,-631]],[[3467,246],[-55,8],[-87,12],[-86,16],[-111,23],[-98,19],[-87,16],[-82,17],[-103,21],[-123,27],[-120,29],[-123,31],[-81,22],[-15,4],[-85,23],[-73,21],[-42,13],[-54,18],[-83,29],[-57,19],[-38,13],[-45,17],[-14,5],[-64,23],[-59,24],[-61,26],[-81,34],[-69,32],[-79,37],[-78,38],[-90,45],[-111,60],[-111,62],[-99,56],[-88,52],[-97,58],[-86,52],[-53,34],[-63,42],[-85,55],[-85,59],[-36,25],[-68,48],[-74,52],[-95,65],[-73,50],[70,78],[109,120],[50,55],[8,9],[3,4],[2,2],[1,1],[4,4],[2,2],[55,61],[10,11],[5,5],[6,8],[2,1],[2,2],[22,25],[3,3],[14,15],[1,1],[12,14],[2,3],[37,40],[72,77],[81,85],[44,47],[20,22],[6,5],[74,79],[72,76],[13,13],[1,1],[0,1],[3,3]],[[4410,1071],[-50,-976]],[[4360,95],[-56,9],[-396,70],[-436,71],[-5,1]],[[4748,1214],[6,-2],[321,-105],[277,-42],[225,3],[235,63],[217,58]],[[6029,1189],[7,-44],[-4,-36],[225,-924]],[[6257,185],[-89,-30],[-73,-22],[-68,-19],[-114,-29],[-6,-1],[-120,-26],[-123,-22],[-122,-15],[-124,-12],[-124,-6],[-130,-3],[-118,3],[-124,7],[-123,10],[-125,15],[-120,26],[-107,18],[-15,3],[-72,13]],[[5384,2038],[-556,-721],[-25,-5],[-27,-10],[-11,-16]],[[6799,1438],[2,-7],[229,-891]],[[7030,540],[-83,-40],[-15,-8],[-93,-49],[-103,-54],[-118,-58],[-75,-34],[-55,-24],[-14,-6],[-62,-25],[-126,-47],[-29,-10]],[[6667,3210],[480,-154],[50,-24],[27,-21],[24,-39],[17,-56],[18,-89],[30,-39],[10,-10]],[[7323,2778],[-17,-32],[-25,-61],[-24,-75],[-15,-48],[-10,-47],[-2,-44],[-425,-1],[-65,10],[-135,43]],[[6380,3212],[0,0],[62,19],[60,11],[69,-6],[77,-20],[19,-6]],[[7962,2513],[48,-14],[30,-17],[46,-37]],[[8086,2445],[-185,-229],[-235,-263],[-289,-237],[-200,-120],[-224,-100],[-152,-56],[-2,-2]],[[7323,2778],[239,-239],[57,-49],[36,-7],[50,1],[79,26],[123,20],[30,-10],[25,-7]],[[8690,2185],[2,-20],[1,-9],[1,-4],[0,-1],[0,-2],[1,-3],[6,-37],[6,-36],[1,-4],[6,-34],[5,-33],[3,-12],[7,-36],[14,-78],[5,-26],[3,-15],[-14,-114],[6,-14],[0,0],[-13,-105],[3,-7],[-2,-14],[-2,-13],[-1,-14],[-2,-14],[-1,-11],[-1,-12],[-1,-12],[-1,-12],[-1,-12],[-1,-13],[0,-13],[-1,-5],[-1,-30],[-1,-42],[0,-34],[0,-29],[1,-7],[4,-1],[6,-96],[1,-11],[0,-11],[1,-11],[2,-11],[1,-14],[1,-13],[2,-13],[1,-13],[2,-13],[2,-14],[2,-13],[2,-13],[2,-13],[2,-13],[2,-13],[3,-13],[2,-13],[3,-13],[2,-13],[3,-13],[3,-13],[3,-13],[3,-13],[3,-13],[3,-13],[3,-13],[4,-13],[3,-13],[4,-12],[4,-13],[3,-13],[4,-13],[4,-12],[-24,3],[-66,8],[-58,10],[-82,9],[-37,2],[-26,2],[-56,4],[-76,2],[-18,1],[-18,0],[-17,0],[-18,0],[-18,0],[-18,-1],[-18,0],[-18,0],[-17,-1],[-18,-1],[-18,0],[-18,-1],[-18,-1],[-17,-1],[-18,-1],[-18,-2],[-18,-1],[-17,-2],[-18,-1],[-18,-2],[-18,-2],[-17,-2],[-18,-2],[-18,-2],[-18,-2],[-17,-2],[-18,-3],[-18,-2],[-17,-3],[-18,-3],[-18,-3],[-17,-3],[-18,-3],[-17,-3],[-18,-3],[-17,-4],[-18,-3],[-17,-4],[-18,-3],[-17,-4],[-18,-4],[-17,-4],[-18,-4],[-17,-4],[-18,-5],[-17,-4],[-17,-5],[-18,-4],[-17,-5],[-17,-5],[-18,-5],[-17,-5],[-17,-5],[-17,-5],[-17,-5],[-17,-6],[-18,-5],[-17,-6],[-17,-6],[-17,-6],[-17,-6],[-17,-6],[-17,-6],[-16,-6],[-17,-6],[-17,-7],[-17,-6],[-17,-7],[-16,-7],[-17,-7],[-17,-7],[-16,-7],[-17,-7],[-16,-7],[-17,-7],[-16,-8],[-17,-7],[-15,-8]],[[8086,2445],[31,-26],[90,-70],[57,-35],[117,-44],[169,-62],[130,-23],[10,0]],[[8368,2775],[45,51],[107,139]],[[8520,2965],[9,-40],[2,-6],[0,-1],[0,0],[4,-11],[13,-40],[38,-114],[29,-87],[8,-44],[0,-1],[1,-7],[4,-24],[14,-91],[2,-12],[2,-14],[3,-18],[13,-84],[19,-116],[2,-6],[0,-6],[3,-21],[0,-1],[1,-6],[0,0],[3,-30]],[[8086,2445],[95,118],[187,212]],[[8072,4642],[15,-176],[13,-9],[7,-6],[3,-2],[12,-10],[15,-15],[5,-5],[0,0],[8,-9],[6,-7],[20,-25]],[[8176,4378],[-13,-41],[-36,-48],[-2,-2]],[[8125,4287],[-61,-60],[-485,-344],[-56,-26],[-2,-2]],[[7521,3855],[-66,-60],[-75,-48],[-329,-183]],[[7051,3564],[-222,589],[-2,5]],[[6827,4158],[442,181]],[[7269,4339],[462,190],[115,49],[100,36],[96,19],[2,-2],[0,0],[12,9],[16,2],[0,0],[0,0]],[[6822,4156],[5,2]],[[7051,3564],[-94,-53],[-40,-22],[-80,-18],[-47,-61],[-47,-53],[-44,-65],[-32,-82]],[[6245,3919],[3,1]],[[6248,3920],[574,236]],[[7521,3855],[112,-161],[58,-94],[87,-197],[86,-193],[64,-232],[77,-387],[-43,-78]],[[8125,4287],[35,-58],[-63,-66],[155,-248],[9,-38],[-80,-40],[144,-279],[1,-26],[-16,-17],[-56,-27],[9,-34],[96,-284],[-20,-26],[-24,-13],[-24,-9],[77,-347]],[[8176,4378],[28,-35],[13,-17],[24,-31],[15,-20],[19,-31],[14,-23],[66,-95],[4,-7],[3,-5],[4,-8],[3,-9],[1,-7],[1,-3],[18,-94],[4,-37],[11,-188],[3,-76],[2,-46],[7,-122],[0,-8],[1,-12],[2,-47],[2,-77],[3,-28],[2,-24],[2,-34],[3,-27],[5,-40],[5,-41],[9,-64],[8,3],[22,6],[27,-112],[6,-24],[0,-2],[7,-28]],[[5826,5411],[198,80],[338,12]],[[6362,5503],[173,-520]],[[6535,4983],[285,-826],[2,-1]],[[6248,3920],[-7,3],[-35,211],[-18,203],[-18,155],[-47,193],[-18,99],[-8,56],[-74,98],[-58,112],[-141,360],[2,1]],[[7153,5329],[2,-7],[208,-592],[9,-30]],[[7372,4700],[7,-21],[9,-43],[-16,-39],[-35,-44],[-36,-22],[-43,-48],[-12,-39],[1,-39],[16,-52],[6,-14]],[[6535,4983],[265,110],[15,47],[28,61],[15,9],[295,119]],[[6362,5503],[47,2],[596,236]],[[7005,5741],[0,-1],[148,-411]],[[7754,6036],[341,135]],[[8095,6171],[25,-99],[5,-24],[3,-16]],[[8128,6032],[-83,-40],[-236,-103],[117,-322],[-92,-39]],[[7834,5528],[-252,-108],[-72,37],[-17,9],[-340,-137]],[[7005,5741],[3,1],[746,294]],[[8128,6032],[19,-87],[12,-64],[9,-52],[6,-39],[2,-10],[4,-28],