{"type":"Topology","transform":{"scale":[0.000011423508914855272,0.000006438836410355419],"translate":[4.26757121137132,51.89403990586175]},"arcs":[[[5569,3581],[107,-47],[240,-114],[192,-85],[62,-26]],[[6170,3309],[-46,-81],[-59,-107],[-68,-130],[-39,-82],[-41,-102],[-32,-88],[-42,-153],[-31,-147],[-27,-193],[-2,-16]],[[5783,2210],[-3,-28]],[[5780,2182],[-49,-9],[-84,-11],[-133,-32]],[[5514,2130],[-14,-3],[-12,-8],[-131,38],[-110,51],[-78,39],[-85,32],[-61,15]],[[5023,2294],[9,4],[4,13]],[[5036,2311],[192,536],[29,96],[68,151],[68,169],[39,74],[29,52],[46,63],[43,67],[19,62]],[[5783,2210],[41,-3],[102,-11],[81,-24],[95,-44],[51,-22],[123,-88],[58,1],[132,29],[37,-2],[49,21],[30,22],[20,7],[162,53]],[[6764,2149],[200,-646]],[[6964,1503],[-652,-222],[-138,-38]],[[6174,1243],[-2,13],[-15,35],[-9,26],[-54,23],[-146,104],[-40,38],[-48,56],[-36,73],[-20,68],[-14,90],[-3,414],[-7,-1]],[[6170,3309],[24,-10],[70,-9],[40,2],[230,65]],[[6534,3357],[64,-245],[46,-99],[31,-41],[30,-18],[79,-25],[14,-52],[5,-123],[-38,-117]],[[6765,2637],[-4,-14],[-33,-108],[-19,-75],[-10,-30],[0,-33],[15,-67],[50,-161]],[[5527,3723],[62,23],[274,120],[518,227],[15,3]],[[6396,4096],[138,-737],[0,-2]],[[5569,3581],[3,11],[0,26],[-21,58],[-24,47]],[[4241,2716],[58,-61],[74,-62]],[[4373,2593],[-47,-161],[-30,-96],[-28,-98],[-43,-151],[-49,-170],[-29,-104],[-72,-271]],[[4075,1542],[-485,168]],[[3590,1710],[32,145],[24,848],[-1,39],[14,87]],[[3659,2829],[118,-10],[55,-15],[63,-7],[36,-7],[75,-20],[99,-20],[75,-17],[61,-17]],[[5023,2294],[-164,-471],[-92,-253],[-5,-43],[4,-33],[14,-28],[28,-28],[33,-16],[21,-21],[16,-23],[2,-34]],[[4880,1344],[1,-4],[-9,-36],[-9,-35]],[[4863,1269],[-788,273]],[[4373,2593],[7,-5],[94,-48],[104,-47],[98,-43],[149,-61],[161,-61],[50,-17]],[[4241,2716],[-1,2],[3,64],[50,314],[58,285],[62,381]],[[4413,3762],[403,-92],[141,-30],[170,-4],[193,22],[164,48],[43,17]],[[3659,2829],[23,149],[107,717],[16,128],[80,-13],[23,0],[24,63]],[[3932,3873],[481,-111]],[[2225,4263],[210,-47],[1497,-343]],[[3590,1710],[-71,25]],[[3519,1735],[-2693,932]],[[826,2667],[4,4],[15,18],[5,5],[35,38],[27,30],[6,7],[8,9],[6,6],[121,134],[29,32],[455,510],[13,15],[36,39],[5,6],[16,18],[2,2],[0,1],[12,13],[-6,2],[13,12],[18,18],[0,1],[1,1],[5,5],[1,0],[3,4],[3,3],[0,0],[2,3],[1,1],[2,1],[0,1],[11,12],[2,2],[0,0],[52,62],[24,28],[6,6],[55,65],[10,12],[0,0],[1,0],[0,1],[5,6],[69,81],[12,14],[6,8],[17,19],[21,24],[6,8],[45,53],[46,53],[33,39],[58,67],[7,9],[1,1],[41,48],[3,4],[0,0],[30,35]],[[4863,1269],[-14,-53],[-79,-30],[-168,-52],[-86,-14],[0,-1]],[[4516,1119],[-180,-24],[-249,-29],[-114,-12],[-106,-4],[-192,22],[-95,14],[-34,2]],[[3546,1088],[-21,60],[-6,72],[-11,113],[2,119],[6,151],[3,132]],[[3546,1088],[55,-62],[2,-110],[-53,-659]],[[3550,257],[-55,8],[-90,13],[-88,17],[-113,24],[-101,20],[-89,17],[-84,17],[-105,22],[-126,29],[-123,30],[-126,32],[-83,23],[-16,4],[-87,25],[-74,22],[-44,13],[-54,19],[-86,30],[-58,20],[-38,14],[-47,17],[-14,5],[-66,24],[-60,25],[-63,27],[-83,37],[-70,32],[-81,39],[-81,40],[-92,47],[-113,63],[-114,64],[-101,60],[-90,53],[-100,62],[-88,54],[-54,35],[-65,44],[-87,58],[-87,61],[-36,26],[-71,51],[-75,54],[-97,68],[-75,52],[72,82],[111,125],[51,58],[9,9],[3,4],[2,2],[1,1],[4,5],[2,2],[56,63],[10,11],[5,6],[7,8],[1,1],[3,3],[23,26],[2,2],[15,17],[0,1],[14,14],[2,3],[37,42],[74,80],[83,89],[45,49],[21,23],[5,6],[77,82],[73,80],[13,13],[1,2],[1,0],[3,4]],[[4516,1119],[-51,-1020]],[[4465,99],[-57,10],[-406,73],[-446,74],[-6,1]],[[4863,1269],[6,-2],[329,-109],[283,-45],[231,4],[241,65],[221,61]],[[6174,1243],[8,-46],[-4,-38],[230,-966]],[[6408,193],[-91,-31],[-74,-23],[-70,-20],[-117,-30],[-6,-1],[-123,-28],[-126,-23],[-125,-15],[-127,-12],[-127,-6],[-133,-4],[-120,4],[-128,6],[-126,11],[-128,16],[-123,27],[-110,19],[-15,3],[-74,13]],[[5514,2130],[-569,-754],[-26,-5],[-28,-10],[-11,-17]],[[6964,1503],[2,-8],[234,-930]],[[7200,565],[-85,-42],[-15,-9],[-95,-51],[-106,-57],[-121,-60],[-77,-36],[-56,-25],[-15,-6],[-63,-26],[-129,-49],[-30,-11]],[[6828,3355],[492,-160],[51,-26],[28,-22],[24,-40],[18,-60],[18,-92],[31,-41],[10,-10]],[[7500,2904],[-17,-33],[-25,-65],[-26,-78],[-15,-50],[-10,-49],[-2,-47],[-436,-1],[-66,11],[-138,45]],[[6534,3357],[1,0],[63,20],[61,12],[71,-6],[79,-21],[19,-7]],[[8155,2626],[48,-14],[31,-18],[47,-39]],[[8281,2555],[-189,-239],[-241,-275],[-295,-247],[-206,-126],[-229,-104],[-156,-58],[-1,-3]],[[7500,2904],[245,-250],[58,-52],[37,-6],[51,0],[81,28],[126,20],[30,-10],[27,-8]],[[8900,2284],[3,-21],[1,-9],[0,-5],[0,-1],[0,-2],[1,-3],[7,-39],[6,-38],[0,-3],[6,-36],[6,-35],[3,-13],[7,-37],[14,-81],[5,-28],[3,-15],[-13,-119],[5,-14],[0,-1],[-12,-110],[2,-7],[-2,-14],[-2,-14],[-1,-15],[-2,-14],[-1,-12],[-1,-13],[-1,-12],[-1,-12],[-1,-13],[-1,-14],[0,-13],[-1,-6],[-1,-31],[-1,-43],[0,-37],[0,-29],[0,-8],[5,-1],[6,-100],[1,-12],[1,-11],[1,-12],[1,-12],[1,-13],[2,-14],[1,-14],[2,-14],[1,-14],[2,-13],[2,-14],[2,-14],[2,-14],[3,-13],[2,-14],[2,-14],[3,-13],[3,-14],[2,-14],[3,-13],[3,-14],[3,-13],[3,-14],[3,-13],[4,-14],[3,-13],[3,-14],[4,-13],[4,-13],[3,-14],[4,-13],[4,-13],[4,-13],[-25,3],[-67,8],[-60,11],[-84,9],[-38,2],[-26,2],[-58,4],[-77,3],[-19,0],[-18,0],[-18,0],[-18,0],[-19,0],[-18,0],[-18,0],[-18,-1],[-19,0],[-18,-1],[-18,-1],[-18,-1],[-18,-1],[-19,-1],[-18,-1],[-18,-2],[-18,-1],[-19,-2],[-18,-1],[-18,-2],[-18,-2],[-18,-2],[-18,-2],[-19,-2],[-18,-3],[-18,-2],[-18,-3],[-18,-2],[-18,-3],[-18,-3],[-18,-3],[-18,-3],[-18,-3],[-18,-4],[-18,-3],[-18,-4],[-18,-3],[-18,-4],[-18,-4],[-18,-4],[-18,-4],[-18,-4],[-17,-4],[-18,-5],[-18,-4],[-18,-5],[-18,-5],[-17,-4],[-18,-5],[-18,-5],[-18,-6],[-17,-5],[-18,-5],[-17,-6],[-18,-5],[-18,-6],[-17,-6],[-18,-6],[-17,-6],[-17,-6],[-18,-6],[-17,-6],[-17,-7],[-18,-6],[-17,-7],[-17,-7],[-17,-6],[-18,-7],[-17,-7],[-17,-8],[-17,-7],[-17,-7],[-17,-8],[-17,-7],[-17,-8],[-17,-8],[-16,-7],[-16,-8]],[[8281,2555],[32,-27],[93,-73],[58,-36],[119,-47],[174,-64],[133,-24],[10,0]],[[8571,2901],[46,53],[109,145]],[[8726,3099],[9,-42],[2,-6],[0,-1],[0,0],[4,-12],[14,-42],[38,-118],[30,-91],[8,-46],[1,-1],[1,-8],[3,-24],[15,-96],[2,-12],[3,-15],[2,-19],[14,-88],[19,-121],[2,-6],[-1,-6],[4,-22],[0,-2],[1,-6],[0,0],[3,-31]],[[8281,2555],[98,123],[192,223]],[[8268,4852],[15,-184],[13,-9],[7,-6],[3,-3],[12,-10],[16,-16],[5,-5],[0,0],[8,-10],[6,-7],[20,-27]],[[8373,4575],[-13,-42],[-36,-50],[-3,-3]],[[8321,4480],[-62,-62],[-497,-359],[-57,-28],[-2,-2]],[[7703,4029],[-67,-62],[-78,-51],[-336,-191]],[[7222,3725],[-228,615],[-2,6]],[[6992,4346],[453,189]],[[7445,4535],[473,198],[118,52],[102,38],[99,19],[2,-1],[0,0],[12,9],[17,2],[0,0],[0,0]],[[6987,4344],[5,2]],[[7222,3725],[-96,-55],[-41,-23],[-82,-19],[-49,-64],[-48,-55],[-45,-68],[-33,-86]],[[6396,4096],[3,1]],[[6399,4097],[588,247]],[[7703,4029],[115,-168],[59,-98],[89,-206],[89,-201],[64,-243],[80,-405],[-44,-82]],[[8321,4480],[36,-60],[-65,-69],[160,-259],[9,-40],[-82,-42],[148,-291],[0,-27],[-16,-18],[-57,-28],[8,-36],[99,-296],[-21,-28],[-24,-14],[-25,-9],[80,-362]],[[8373,4575],[29,-36],[14,-18],[25,-31],[15,-21],[19,-34],[15,-23],[67,-99],[4,-8],[3,-5],[4,-8],[3,-10],[2,-7],[1,-3],[18,-99],[4,-38],[11,-197],[3,-79],[2,-48],[7,-127],[1,-9],[1,-12],[1,-49],[3,-81],[2,-29],[2,-26],[3,-35],[3,-28],[5,-42],[5,-43],[10,-66],[7,2],[23,7],[28,-118],[5,-25],[1,-2],[7,-29]],[[5967,5655],[202,84],[346,13]],[[6515,5752],[178,-544]],[[6693,5208],[292,-863],[2,-1]],[[6399,4097],[-7,4],[-35,220],[-20,212],[-18,162],[-48,202],[-18,103],[-9,59],[-75,102],[-59,117],[-145,376],[2,1]],[[7326,5570],[2,-7],[213,-619],[10,-31]],[[7551,4913],[7,-23],[9,-45],[-16,-41],[-37,-45],[-36,-23],[-45,-51],[-12,-41],[1,-40],[17,-54],[6,-15]],[[6693,5208],[271,115],[16,50],[28,63],[16,10],[302,124]],[[6515,5752],[49,2],[611,246]],[[7175,6000],[0,0],[151,-430]],[[7942,6309],[349,141]],[[8291,6450],[25,-103],[5,-25],[4,-17]],[[8325,6305],[-86,-42],[-241,-108],[119,-336],[-94,-42]],[[8023,5777],[-257,-112],[-75,39],[-16,9],[-349,-143]],[[7175,6000],[3,1],[764,308]],[[8325,6305],[19,-91],[12,-67],[9,-55],[7,-40],